Material ID,Cost,Currency,Geolocation,Last Updated
mp-1019515,250.73,JPY,Europe,2023-09-26
mp-1245786,373.08,EUR,Australia,2023-08-29
mp-1245786,394.03,USD,Asia,2023-10-30
mp-1245786,361.92,JPY,Australia,2023-07-19
mp-756543,330.8,USD,Asia,2023-09-11
mp-7191,97.9,JPY,Asia,2023-11-30
mp-1245749,115.98,USD,Asia,2023-05-25
mp-1245749,150.17,USD,Europe,2023-05-01
mp-1245749,101.05,JPY,Europe,2023-06-21
mp-1285010,402.78,USD,Europe,2023-08-03
mp-830,162.15,JPY,Europe,2023-06-02
mp-830,372.26,INR,Europe,2023-06-02
mp-830,287.12,EUR,North America,2023-11-18
mp-706544,38.82,INR,Asia,2023-08-02
mp-706544,38.6,EUR,Asia,2023-12-04
mp-1246567,221.43,JPY,Asia,2023-01-24
mp-1246567,241.05,JPY,Europe,2023-06-16
mp-1246567,98.77,USD,Australia,2023-07-26
mp-1197893,27.02,INR,Australia,2023-09-03
mp-1197893,10.74,JPY,Asia,2023-05-08
mp-1197893,375.73,INR,Asia,2023-05-05
mp-676333,186.05,INR,Asia,2023-10-31
mp-676333,347.44,INR,North America,2023-07-31
mp-676333,77.4,USD,Europe,2023-03-10
mp-1224894,121.91,EUR,North America,2023-08-17
mp-1246458,479.77,INR,Australia,2023-04-24
mp-1246458,189.99,JPY,Australia,2023-10-23
mp-1245188,194.65,INR,Asia,2023-11-18
mp-1008556,69.84,USD,Australia,2023-06-25
mp-683966,91.46,JPY,Europe,2023-01-28
mp-1182033,192.52,INR,Australia,2023-04-25
mp-1218201,180.39,INR,North America,2023-08-09
mp-1218201,438.57,JPY,North America,2023-09-11
mp-1218201,365.1,INR,Europe,2023-04-01
mp-1245244,225.99,INR,North America,2023-07-21
mp-1245244,79.32,EUR,North America,2023-01-08
mp-1245244,276.92,EUR,Europe,2023-04-01
mp-705497,68.31,EUR,Asia,2023-08-18
mp-758508,72.3,JPY,Europe,2023-06-13
mp-758508,230.96,JPY,Asia,2023-05-19
mp-1244995,358.96,INR,Europe,2023-11-07
mp-1245576,93.6,INR,Europe,2023-08-10
mp-1245576,453.46,JPY,Europe,2023-06-06
mp-758519,228.94,USD,North America,2023-10-02
mp-758519,425.9,INR,Europe,2023-07-26
mp-510641,152.3,USD,Asia,2023-05-16
mp-733840,302.76,JPY,Europe,2023-11-15
mp-733840,360.95,INR,Europe,2023-03-12
mp-733840,395.18,USD,Australia,2023-12-29
mp-1181679,301.7,INR,Europe,2023-08-08
mp-567956,434.02,USD,Asia,2023-03-30
mp-567956,169.79,USD,Australia,2023-04-02
mp-1245554,462.0,USD,North America,2023-12-14
mp-26576,392.09,EUR,North America,2023-05-13
mp-26576,337.02,INR,Asia,2023-12-28
mp-26576,259.03,EUR,North America,2023-12-07
mp-1200913,295.8,EUR,Europe,2023-08-08
mp-1200913,304.79,USD,Australia,2023-07-08
mp-1200913,27.49,USD,Australia,2023-04-08
mp-695020,173.3,EUR,Australia,2023-07-14
mp-695020,346.61,INR,North America,2023-08-11
mp-756535,163.33,INR,Europe,2023-11-02
mp-756535,159.12,JPY,Asia,2023-04-10
mp-756535,308.22,INR,Asia,2023-05-29
mp-753464,101.24,JPY,Australia,2023-09-14
mp-1198425,291.13,INR,Australia,2023-08-11
mp-721128,305.62,JPY,Europe,2023-11-20
mp-721128,469.27,INR,North America,2023-11-27
mp-721128,104.1,EUR,Europe,2023-12-21
mp-1245172,265.35,JPY,North America,2023-01-20
mp-1245172,464.72,INR,Europe,2023-03-05
mp-1245172,261.29,INR,Europe,2023-10-21
mp-1246429,112.53,USD,Asia,2023-11-12
mp-1246429,337.25,INR,Australia,2023-06-15
mp-1246429,101.2,USD,Asia,2023-01-01
mp-778064,459.62,INR,Asia,2023-10-08
mp-1246767,293.82,EUR,Europe,2023-02-22
mp-780594,12.43,INR,Australia,2023-12-10
mp-780594,382.57,JPY,Australia,2023-04-22
mp-554951,274.37,USD,Europe,2023-12-31
mp-777746,472.04,JPY,Australia,2023-01-02
mp-777746,486.46,INR,Europe,2023-12-21
mp-1029573,65.94,JPY,Europe,2023-10-05
mp-1029573,124.4,INR,Asia,2023-10-07
mp-1244998,491.75,USD,Asia,2023-11-25
mp-1244998,250.83,EUR,Australia,2023-03-20
mp-1245326,479.33,USD,Europe,2023-11-13
mp-1245326,362.97,JPY,Europe,2023-09-04
mp-1245326,411.76,INR,Asia,2023-04-30
mp-1245440,60.81,JPY,Australia,2023-05-21
mp-1245440,430.37,JPY,North America,2023-11-20
mp-24091,124.35,USD,Australia,2023-05-27
mp-558498,450.64,JPY,Australia,2023-09-05
mp-558498,110.01,INR,North America,2023-09-30
mp-558498,241.74,EUR,Australia,2023-06-13
mp-1197686,359.0,INR,Asia,2023-09-26
mp-1213331,171.32,USD,Australia,2023-01-26
mp-1213331,293.83,INR,Europe,2023-11-05
mp-1181463,370.78,USD,North America,2023-05-27
mp-1245974,382.05,USD,North America,2023-10-03
mp-1244903,304.43,USD,Australia,2023-10-02
mp-1247292,489.77,EUR,North America,2023-10-23
mp-778297,166.09,JPY,Asia,2023-06-19
mp-778297,101.24,EUR,Asia,2023-07-23
mp-1223610,328.29,USD,Europe,2023-01-03
mp-1223610,474.27,USD,Australia,2023-12-10
mp-1223610,168.48,JPY,Australia,2023-07-01
mp-1195290,135.84,EUR,North America,2023-03-28
mp-1195290,187.99,EUR,Asia,2023-04-12
mp-754781,325.67,EUR,North America,2023-03-02
mp-1244866,302.78,EUR,Europe,2023-07-26
mp-1244866,364.91,EUR,Europe,2023-12-17
mp-1245030,132.81,USD,Europe,2023-11-24
mp-1223879,345.09,USD,Europe,2023-10-01
mp-768894,119.53,JPY,North America,2023-07-20
mp-768894,76.42,JPY,Australia,2023-06-01
mp-768894,487.05,EUR,Asia,2023-11-06
mp-771078,72.71,INR,Asia,2023-03-06
mp-771078,186.57,INR,Europe,2023-06-18
mp-1029943,77.35,USD,North America,2023-01-09
mp-1029943,50.06,JPY,Europe,2023-04-02
mp-1029943,205.7,USD,Asia,2023-09-09
mp-18290,227.65,USD,Asia,2023-10-12
mp-18290,203.2,EUR,Asia,2023-07-17
mp-1245138,262.15,JPY,North America,2023-03-04
mp-1245138,202.28,JPY,North America,2023-10-26
mp-1027898,348.2,EUR,Asia,2023-10-05
mp-1027898,278.46,USD,Asia,2023-03-27
mp-1027898,390.91,USD,Australia,2023-11-20
mp-1246663,255.28,INR,Europe,2023-04-25
mp-1245961,457.84,INR,Europe,2023-05-28
mp-1245961,232.5,EUR,Australia,2023-09-05
mp-18635,294.13,INR,Asia,2023-04-29
mp-18635,33.75,EUR,North America,2023-02-11
mp-18635,53.73,USD,Asia,2023-06-12
mp-1245069,21.25,JPY,Australia,2023-03-13
mp-1245069,29.22,EUR,Europe,2023-11-14
mp-1198245,343.86,EUR,Australia,2023-06-17
mp-672334,311.86,INR,Asia,2023-01-19
mp-768173,454.63,JPY,Australia,2023-11-25
mp-768173,179.86,EUR,Asia,2023-07-02
mp-756100,253.5,EUR,North America,2023-07-18
mp-756100,224.96,USD,Australia,2023-08-01
mp-756100,135.97,INR,Australia,2023-09-21
mp-1244934,255.98,EUR,Australia,2023-10-30
mp-1245132,75.61,INR,Australia,2023-05-29
mp-1245132,449.38,INR,Asia,2023-06-17
mp-1224888,19.22,INR,Asia,2023-10-06
mp-1224888,141.68,INR,Europe,2023-09-16
mp-1224888,34.41,EUR,Europe,2023-09-16
mp-1204038,144.61,JPY,Europe,2023-03-05
mp-1204038,319.86,INR,Europe,2023-02-04
mp-1204038,221.44,INR,Europe,2023-08-19
mp-1244975,352.11,USD,Asia,2023-06-26
mp-1203028,304.76,EUR,Europe,2023-08-18
mp-1203028,177.8,INR,Australia,2023-12-27
mp-3000,115.2,INR,Europe,2023-03-11
mp-3000,324.48,USD,Australia,2023-06-11
mp-1213475,323.52,EUR,North America,2023-09-22
mp-1244984,252.3,USD,North America,2023-12-11
mp-26901,111.55,USD,Asia,2023-10-05
mp-1245881,266.58,USD,Europe,2023-08-15
mp-1245470,200.23,EUR,Asia,2023-11-20
mp-1245470,25.32,EUR,Europe,2023-04-09
mp-1246341,455.11,JPY,North America,2023-05-31
mp-1246341,338.13,EUR,Australia,2023-08-11
mp-1246341,236.88,INR,Asia,2023-03-06
mp-1197790,40.41,INR,Asia,2023-10-24
mp-1092268,486.08,EUR,Europe,2023-07-30
mp-1245577,172.42,USD,Australia,2023-10-14
mp-1245577,189.6,USD,Australia,2023-03-19
mp-1245577,470.86,USD,Europe,2023-05-05
mp-754051,392.42,EUR,North America,2023-04-11
mp-754051,115.21,USD,Australia,2023-11-09
mp-754051,36.93,JPY,North America,2023-05-13
mp-1245347,136.57,INR,Australia,2023-05-19
mp-1245347,79.88,USD,North America,2023-04-06
mp-1245347,17.07,INR,Australia,2023-04-05
mp-1245395,152.77,JPY,Asia,2023-06-27
mp-1245395,280.24,JPY,Asia,2023-01-24
mp-1245395,470.11,USD,Australia,2023-04-06
mp-1246049,450.99,JPY,Asia,2023-02-06
mp-1246049,271.62,USD,North America,2023-04-06
mp-1246049,71.95,USD,Australia,2023-01-15
mp-740765,431.78,USD,Australia,2023-04-11
mp-1205154,384.28,EUR,North America,2023-07-25
mp-1205154,474.96,INR,Australia,2023-03-30
mp-1205154,54.75,JPY,North America,2023-09-02
mp-1106311,253.43,JPY,North America,2023-10-04
mp-1106311,163.27,JPY,North America,2023-09-08
mp-1106311,322.99,JPY,Europe,2023-04-29
mp-555721,448.06,USD,Australia,2023-01-14
mp-555721,11.27,JPY,Australia,2023-12-31
mp-555721,445.6,JPY,North America,2023-10-18
mp-1120750,327.94,USD,Asia,2023-05-22
mp-1120750,212.13,INR,Asia,2023-11-09
mp-1078963,172.47,EUR,Australia,2023-03-03
mp-1078963,19.53,USD,Asia,2023-03-02
mp-1078963,263.8,INR,North America,2023-11-30
mp-1197103,470.68,INR,North America,2023-12-23
mp-1197103,317.14,EUR,North America,2023-08-22
mp-1197103,443.21,USD,Australia,2023-01-23
mp-754028,185.59,JPY,Asia,2023-08-29
mp-754028,307.18,EUR,Australia,2023-07-08
mp-765590,14.02,USD,Asia,2023-01-18
mp-765590,64.57,INR,Australia,2023-12-31
mp-1228953,357.03,USD,Australia,2023-07-06
mp-849991,477.73,INR,Asia,2023-09-24
mp-849991,208.15,EUR,Europe,2023-04-17
mp-754148,33.15,USD,Europe,2023-05-21
mp-23783,404.44,EUR,North America,2023-08-14
mp-23783,485.39,JPY,North America,2023-02-05
mp-23783,101.24,EUR,North America,2023-06-16
mp-1019508,314.96,JPY,North America,2023-10-07
mp-1019508,216.21,USD,North America,2023-07-28
mp-1246317,120.27,INR,North America,2023-09-21
mp-1246317,470.56,INR,Europe,2023-09-24
mp-1246317,325.63,INR,Europe,2023-06-20
mp-1245980,464.45,JPY,Europe,2023-09-30
mp-1176715,249.23,INR,Asia,2023-06-24
mp-1176715,72.3,JPY,North America,2023-01-29
mp-1212618,471.11,EUR,Australia,2023-10-29
mp-1212618,231.58,JPY,Europe,2023-11-24
mp-1212618,493.24,USD,Europe,2023-05-28
mp-754581,413.65,USD,Australia,2023-12-09
mp-754581,271.52,INR,Asia,2023-04-04
mp-754581,227.03,INR,Australia,2023-11-05
mp-1246681,433.8,EUR,Asia,2023-05-17
mp-1246681,234.02,JPY,North America,2023-06-25
mp-1246681,140.91,INR,Europe,2023-09-05
mp-759846,283.58,EUR,Asia,2023-06-19
mp-1246627,84.08,USD,Australia,2023-01-26
mp-1246627,89.27,EUR,Australia,2023-09-10
mp-1228943,493.92,INR,North America,2023-07-19
mp-1228943,393.87,USD,Australia,2023-09-18
mp-530844,346.11,INR,Europe,2023-12-18
mp-530844,382.23,USD,North America,2023-11-16
mp-530844,326.62,JPY,Australia,2023-09-23
mp-1246892,337.82,EUR,Europe,2023-07-06
mp-1246892,497.06,INR,North America,2023-09-28
mp-1246523,413.12,JPY,Asia,2023-12-28
mp-850958,176.96,EUR,North America,2023-02-12
mp-850958,444.99,EUR,Asia,2023-04-22
mp-776734,360.4,INR,Europe,2023-07-10
mp-776734,348.79,USD,Australia,2023-10-01
mp-1247260,408.49,EUR,Australia,2023-09-21
mp-1176703,56.27,INR,Europe,2023-12-02
mp-1176703,17.68,USD,Asia,2023-11-17
mp-1176692,290.29,INR,Europe,2023-08-26
mp-1221614,361.61,JPY,Australia,2023-06-16
mp-1221614,188.72,USD,Europe,2023-11-29
mp-1221614,88.11,JPY,Asia,2023-10-12
mp-1178206,205.46,JPY,North America,2023-10-28
mp-1178206,411.96,EUR,Asia,2023-02-25
mp-1178206,322.22,INR,North America,2023-04-07
mp-1246233,263.67,JPY,Asia,2023-10-19
mp-1246233,404.53,JPY,Australia,2023-05-06
mp-1246233,17.78,EUR,Asia,2023-05-10
mp-7263,109.62,USD,Asia,2023-12-04
mp-1079836,484.11,JPY,Australia,2023-12-18
mp-1079836,27.58,JPY,North America,2023-10-20
mp-778065,226.98,EUR,Europe,2023-03-26
mp-1246748,422.84,JPY,North America,2023-12-20
mp-1246748,150.52,INR,Europe,2023-04-22
mp-1190865,334.2,USD,North America,2023-01-05
mp-1190865,81.33,USD,Australia,2023-04-25
mp-754952,271.51,INR,Europe,2023-11-03
mp-1202473,427.99,USD,Australia,2023-12-08
mp-1246612,359.27,INR,Europe,2023-03-13
mp-1246612,435.46,USD,Europe,2023-01-30
mp-1245627,194.92,EUR,Europe,2023-03-22
mp-1245627,252.21,USD,Australia,2023-04-16
mp-1245033,293.9,USD,North America,2023-02-07
mp-1245033,395.37,JPY,Asia,2023-12-31
mp-1523057,382.12,INR,Europe,2023-04-05
mp-1523057,431.48,INR,North America,2023-06-13
mp-1212637,473.18,EUR,Australia,2023-03-27
mp-1190661,327.02,INR,North America,2023-10-28
mp-1247451,36.43,USD,North America,2023-02-18
mp-1247451,490.16,USD,North America,2023-11-28
mp-1247451,172.32,EUR,North America,2023-06-16
mp-558481,451.78,EUR,North America,2023-03-13
mp-558481,411.4,USD,Australia,2023-08-01
mp-558481,216.29,USD,Asia,2023-04-26
mp-1019516,450.22,USD,North America,2023-08-17
mp-555777,248.36,JPY,Australia,2023-01-30
mp-555777,309.87,JPY,Asia,2023-01-04
mp-1247527,146.05,JPY,Australia,2023-07-25
mp-1247527,32.29,USD,Europe,2023-03-10
mp-881807,496.97,EUR,Europe,2023-02-27
mp-881807,113.03,USD,Asia,2023-08-14
mp-881807,427.96,USD,Asia,2023-10-26
mp-1222836,459.0,INR,Asia,2023-08-13
mp-1177019,496.49,USD,Australia,2023-12-21
mp-1177019,389.52,INR,North America,2023-06-05
mp-1201190,387.22,USD,Australia,2023-12-14
mp-1201190,19.91,EUR,Europe,2023-08-13
mp-1245046,180.33,USD,Asia,2023-10-21
mp-1222351,170.27,INR,Asia,2023-12-27
mp-1105387,392.64,EUR,Europe,2023-10-25
mp-1265539,214.32,INR,Australia,2023-02-26
mp-1245733,409.64,USD,Europe,2023-03-03
mp-1203731,405.49,INR,Europe,2023-06-08
mp-1203731,31.24,JPY,Asia,2023-02-08
mp-1203731,470.09,JPY,Australia,2023-11-10
mp-2853,301.81,EUR,Australia,2023-01-07
mp-2853,179.18,INR,Europe,2023-02-20
mp-777471,491.55,EUR,Europe,2023-04-28
mp-777471,430.64,EUR,Australia,2023-05-14
mp-1177777,110.32,INR,Asia,2023-09-19
mp-1177777,391.67,INR,Australia,2023-01-11
mp-570971,202.18,EUR,Asia,2023-07-20
mp-570971,225.86,USD,Asia,2023-12-21
mp-570971,187.66,USD,Australia,2023-11-14
mp-1245806,78.02,INR,Australia,2023-02-11
mp-1245806,107.56,EUR,Australia,2023-02-17
mp-1245806,379.8,INR,North America,2023-07-02
mp-554388,219.37,JPY,Asia,2023-07-23
mp-777232,331.57,EUR,Asia,2023-10-17
mp-1222745,487.53,USD,Europe,2023-01-25
mp-1247550,150.68,EUR,Australia,2023-02-14
mp-1228436,334.94,INR,Australia,2023-02-18
mp-1228436,249.82,EUR,Asia,2023-09-04
mp-1228436,236.04,EUR,Europe,2023-12-23
mp-1202559,47.89,INR,North America,2023-04-01
mp-1202559,10.29,JPY,Australia,2023-03-04
mp-1202559,207.32,USD,Asia,2023-06-12
mp-1224866,390.67,JPY,Asia,2023-05-26
mp-1224866,475.57,EUR,Asia,2023-01-03
mp-1225232,229.43,EUR,Asia,2023-06-29
mp-759288,444.93,INR,Australia,2023-02-19
mp-759288,177.9,INR,Asia,2023-05-13
mp-759288,114.03,JPY,North America,2023-06-26
mp-562835,54.68,JPY,Australia,2023-03-12
mp-562835,303.86,INR,Europe,2023-11-14
mp-562835,44.06,JPY,Asia,2023-12-07
mp-1246447,40.14,USD,Australia,2023-05-04
mp-1246447,297.14,USD,North America,2023-05-26
mp-1246447,290.16,USD,Asia,2023-10-23
mp-778202,214.03,JPY,North America,2023-11-14
mp-560637,446.33,JPY,North America,2023-03-07
mp-560637,411.47,INR,Asia,2023-04-29
mp-560637,254.03,JPY,Australia,2023-11-07
mp-1247069,111.63,JPY,Europe,2023-05-28
mp-1247069,36.31,EUR,Asia,2023-05-02
mp-557954,69.17,EUR,Europe,2023-06-24
mp-557954,453.83,EUR,Australia,2023-02-03
mp-1200729,330.73,USD,Europe,2023-09-06
mp-1200729,302.74,EUR,North America,2023-07-15
mp-1200729,72.63,USD,Asia,2023-09-15
mp-1246040,232.56,USD,Europe,2023-10-13
mp-1246040,484.67,INR,North America,2023-01-01
mp-1245903,398.28,JPY,Asia,2023-07-27
mp-754335,170.13,USD,Asia,2023-01-21
mp-754335,472.52,INR,North America,2023-03-08
mp-764262,470.14,EUR,Europe,2023-05-30
mp-764262,301.53,JPY,Europe,2023-04-09
mp-1025550,382.91,USD,Asia,2023-12-28
mp-1025550,175.58,USD,Europe,2023-12-27
mp-627439,223.67,EUR,Asia,2023-05-13
mp-1279363,416.46,INR,Asia,2023-03-07
mp-757618,126.76,EUR,Asia,2023-07-01
mp-757618,381.64,JPY,Australia,2023-11-17
mp-774362,464.73,USD,Europe,2023-08-15
mp-774362,358.29,EUR,North America,2023-01-04
mp-568036,385.77,JPY,Australia,2023-02-09
mp-1199371,23.49,JPY,North America,2023-11-03
mp-1199371,377.21,INR,Europe,2023-02-19
mp-1199371,11.38,USD,Europe,2023-09-04
mp-1101716,398.26,EUR,Asia,2023-05-30
mp-1245095,102.36,INR,Australia,2023-06-15
mp-1245095,83.36,JPY,Asia,2023-01-19
mp-570948,411.68,USD,Australia,2023-02-13
mp-1245398,245.12,USD,Asia,2023-08-30
mp-1211093,344.54,USD,Asia,2023-06-07
mp-1211093,343.11,INR,North America,2023-02-12
mp-1211093,128.59,JPY,North America,2023-07-06
mp-1246740,213.76,USD,Australia,2023-02-14
mp-1246740,133.69,INR,Asia,2023-02-19
mp-754210,479.77,INR,Europe,2023-01-17
mp-570588,479.58,USD,Australia,2023-01-02
mp-570588,60.6,USD,Australia,2023-12-14
mp-757465,284.48,JPY,Asia,2023-05-25
mp-757465,219.0,JPY,Asia,2023-12-05
mp-759228,419.34,USD,North America,2023-01-18
mp-759228,272.85,EUR,Asia,2023-02-22
mp-759228,122.87,USD,North America,2023-02-04
mp-1197441,162.67,JPY,Asia,2023-07-31
mp-1197441,215.1,EUR,North America,2023-04-11
mp-1197441,62.66,EUR,Asia,2023-12-30
mp-1232314,452.59,EUR,Europe,2023-08-03
mp-753936,450.09,EUR,Australia,2023-10-27
mp-753936,395.43,USD,Australia,2023-09-22
mp-753936,196.33,JPY,Australia,2023-06-27
mp-1212631,123.44,JPY,Australia,2023-08-20
mp-1212631,105.72,EUR,Europe,2023-03-24
mp-530841,429.47,JPY,Australia,2023-01-16
mp-530841,321.78,EUR,North America,2023-08-04
mp-530841,485.25,JPY,North America,2023-11-09
mp-23984,194.32,EUR,Europe,2023-08-08
mp-23984,327.61,JPY,Europe,2023-08-30
mp-23984,198.56,EUR,Asia,2023-01-08
mp-560887,461.39,INR,North America,2023-12-12
mp-560887,241.59,EUR,Asia,2023-06-23
mp-560887,326.38,INR,North America,2023-02-12
mp-571162,430.91,EUR,Europe,2023-06-15
mp-1200042,72.56,USD,North America,2023-10-18
mp-1200042,484.3,INR,Australia,2023-11-02
mp-770822,90.66,INR,Australia,2023-09-27
mp-770822,380.03,USD,North America,2023-05-23
mp-770822,349.58,INR,North America,2023-10-25
mp-1245286,109.4,JPY,Australia,2023-03-17
mp-1245286,235.04,EUR,Australia,2023-05-14
mp-1246016,157.76,INR,Europe,2023-01-16
mp-1246016,336.77,INR,Asia,2023-05-31
mp-1246016,414.96,JPY,North America,2023-11-23
mp-556589,354.24,JPY,Asia,2023-05-08
mp-556589,173.57,EUR,Australia,2023-06-23
mp-556589,296.8,INR,Europe,2023-03-11
mp-1246611,83.03,INR,Asia,2023-12-28
mp-1246611,89.67,JPY,Asia,2023-02-03
mp-1224009,461.08,JPY,Europe,2023-04-04
mp-1246270,25.07,INR,Europe,2023-07-03
mp-1246270,136.57,USD,Asia,2023-11-26
mp-1202913,449.14,INR,North America,2023-12-03
mp-693503,413.19,EUR,Europe,2023-04-10
mp-1245845,361.78,INR,Asia,2023-12-13
mp-1245845,19.18,USD,Europe,2023-01-11
mp-1181318,389.42,INR,Australia,2023-07-23
mp-867219,315.84,USD,Asia,2023-10-25
mp-867219,473.73,USD,Europe,2023-09-07
mp-867219,153.99,INR,North America,2023-04-24
mp-684743,74.2,EUR,Europe,2023-11-22
mp-684743,473.56,USD,North America,2023-07-05
mp-3887,333.87,USD,Australia,2023-06-01
mp-754929,490.31,EUR,Europe,2023-08-23
mp-1245715,13.29,JPY,Europe,2023-03-15
mp-1246253,133.67,USD,Asia,2023-04-02
mp-1246253,245.61,EUR,North America,2023-05-26
mp-1246253,328.67,INR,Australia,2023-03-23
mp-1245002,351.73,JPY,Australia,2023-02-13
mp-1245002,181.22,INR,Europe,2023-01-12
mp-1245002,290.6,USD,Australia,2023-09-23
mp-1221727,297.44,JPY,Australia,2023-01-04
mp-1221727,358.6,INR,North America,2023-01-11
mp-1244884,162.78,JPY,Europe,2023-08-14
mp-1244884,232.37,EUR,North America,2023-02-20
mp-849283,14.42,JPY,North America,2023-08-04
mp-849283,316.34,JPY,Asia,2023-05-04
mp-1202565,253.69,EUR,Europe,2023-07-20
mp-1202565,278.15,USD,North America,2023-05-20
mp-1202565,146.03,INR,Asia,2023-11-12
mp-772390,142.99,INR,Australia,2023-06-30
mp-772390,331.12,INR,Europe,2023-06-16
mp-772390,259.46,USD,Asia,2023-12-24
mp-1007824,221.12,USD,North America,2023-08-05
mp-1007824,173.34,EUR,Europe,2023-03-14
mp-778698,165.82,JPY,North America,2023-05-03
mp-778698,448.19,JPY,Europe,2023-08-14
mp-643759,410.47,INR,Australia,2023-02-05
mp-643759,122.19,INR,Asia,2023-01-14
mp-643759,214.57,INR,Europe,2023-01-04
mp-28489,267.68,EUR,North America,2023-07-06
mp-28489,481.96,JPY,Australia,2023-06-24
mp-1007823,124.44,USD,Asia,2023-07-18
mp-1007823,351.17,USD,Australia,2023-01-20
mp-1007823,61.54,EUR,Australia,2023-07-31
mp-1245747,384.41,JPY,Europe,2023-04-10
mp-1245747,82.61,INR,Australia,2023-07-26
mp-1245747,446.75,EUR,North America,2023-05-30
mp-1225237,41.69,USD,Asia,2023-06-30
mp-1225237,324.2,EUR,Europe,2023-07-07
mp-1225237,368.2,INR,North America,2023-11-19
mp-1202583,239.94,EUR,Asia,2023-07-10
mp-1202583,304.0,JPY,Asia,2023-01-17
mp-1245075,69.54,USD,Asia,2023-08-19
mp-1245075,172.42,JPY,Europe,2023-07-26
mp-1245075,146.05,USD,Asia,2023-01-02
mp-760697,114.95,USD,Europe,2023-06-12
mp-1245713,139.28,JPY,Europe,2023-08-22
mp-1245713,460.65,INR,Australia,2023-09-24
mp-636273,485.56,USD,Asia,2023-01-25
mp-636273,479.74,USD,Europe,2023-02-10
mp-1246280,33.03,EUR,Asia,2023-05-31
mp-1246280,153.85,JPY,Asia,2023-10-25
mp-16859,139.89,USD,Australia,2023-02-05
mp-16859,75.0,JPY,Europe,2023-11-28
mp-16859,104.06,EUR,Europe,2023-08-12
mp-18297,331.68,JPY,Europe,2023-09-30
mp-18297,71.41,JPY,Asia,2023-08-16
mp-721013,106.66,EUR,Australia,2023-09-09
mp-777429,430.85,INR,Australia,2023-02-09
mp-777429,222.13,EUR,Asia,2023-06-07
mp-600257,386.25,USD,Australia,2023-12-24
mp-600257,309.02,JPY,Asia,2023-01-30
mp-600257,316.96,EUR,Australia,2023-08-07
mp-1245459,284.5,JPY,Europe,2023-04-05
mp-1245459,65.86,EUR,Australia,2023-03-20
mp-778007,394.95,JPY,Australia,2023-05-20
mp-778007,85.82,EUR,Australia,2023-11-03
mp-778007,44.52,INR,North America,2023-05-20
mp-1245288,469.34,JPY,Europe,2023-09-25
mp-1192081,369.48,USD,North America,2023-05-15
mp-774932,196.67,EUR,North America,2023-06-25
mp-774932,28.05,USD,Europe,2023-06-19
mp-569902,301.49,USD,Australia,2023-10-06
mp-758916,393.02,INR,Australia,2023-04-30
mp-758916,146.99,EUR,Asia,2024-01-01
mp-689973,404.59,JPY,Asia,2023-07-27
mp-689973,362.39,INR,Asia,2023-02-22
mp-689973,73.25,INR,Europe,2023-07-05
mp-1245295,61.19,EUR,Asia,2023-01-22
mp-1245295,125.1,EUR,Europe,2023-10-18
mp-1224930,445.58,INR,Europe,2023-04-20
mp-1224930,170.24,USD,Europe,2023-05-30
mp-1246316,269.26,JPY,Asia,2023-08-11
mp-1246316,59.52,EUR,Australia,2023-03-12
mp-1246316,161.31,USD,North America,2023-04-16
mp-1223660,96.14,INR,North America,2023-02-22
mp-1223660,280.58,INR,North America,2023-07-23
mp-1244927,199.77,USD,Australia,2023-12-07
mp-1199250,179.51,JPY,Europe,2023-02-02
mp-1199250,359.78,USD,North America,2023-01-13
mp-1199250,12.26,INR,North America,2023-09-28
mp-554674,50.81,JPY,Asia,2023-10-03
mp-693132,180.15,JPY,Europe,2023-07-18
mp-693132,408.57,EUR,Australia,2023-05-27
mp-1246054,62.66,JPY,Australia,2023-07-04
mp-1245433,274.95,INR,Europe,2023-09-24
mp-1246041,10.02,EUR,Asia,2023-05-18
mp-1245148,86.63,JPY,Asia,2023-06-23
mp-1245148,126.4,EUR,Australia,2023-06-29
mp-1245148,58.17,USD,North America,2023-06-13
mp-758737,44.78,INR,Asia,2023-04-13
mp-1019740,134.0,EUR,Europe,2023-03-26
mp-1202603,121.98,JPY,Asia,2023-11-16
mp-1202603,230.36,JPY,North America,2023-03-17
mp-1202603,300.99,EUR,North America,2023-02-27
mp-16945,449.14,EUR,Australia,2023-12-23
mp-16945,495.37,USD,Asia,2023-01-17
mp-16945,357.3,EUR,Europe,2023-08-13
mp-1245302,264.5,USD,Australia,2023-06-24
mp-1245302,31.2,JPY,North America,2023-01-10
mp-1246470,302.57,JPY,North America,2023-03-29
mp-1246470,57.75,JPY,Australia,2023-08-31
mp-1246470,137.03,EUR,Asia,2023-11-12
mp-1196653,490.65,INR,Europe,2023-05-16
mp-1196653,257.29,USD,North America,2023-01-15
mp-697758,245.9,USD,Asia,2023-07-26
mp-697758,49.67,JPY,Europe,2023-04-06
mp-697758,103.37,EUR,Asia,2023-08-13
mp-555282,218.93,JPY,Asia,2023-06-20
mp-1246432,444.76,JPY,Europe,2023-09-08
mp-1246432,453.86,JPY,Australia,2023-12-04
mp-1246432,301.61,JPY,Asia,2023-07-27
mp-1244896,402.53,USD,North America,2023-02-12
mp-1244896,141.92,EUR,Europe,2023-10-13
mp-720727,89.73,EUR,Australia,2023-12-03
mp-720727,284.46,JPY,Europe,2023-12-17
mp-1019743,408.39,INR,Australia,2023-01-22
mp-1235723,36.81,JPY,Australia,2023-07-25
mp-1235723,36.5,JPY,Europe,2023-02-28
mp-1235723,437.76,USD,Europe,2023-02-02
mp-17875,330.03,INR,Europe,2023-02-19
mp-1192659,190.06,USD,Europe,2023-01-06
mp-1216399,294.05,EUR,North America,2023-10-26
mp-1216399,100.55,JPY,North America,2023-10-12
mp-1216399,224.47,INR,Australia,2023-01-29
mp-1245013,312.71,JPY,Asia,2023-04-07
mp-1245013,412.1,JPY,Asia,2023-03-22
mp-1200059,486.09,JPY,Australia,2023-11-29
mp-1200059,166.94,INR,Australia,2023-03-28
mp-1200059,226.47,INR,North America,2023-10-26
mp-1246352,116.99,EUR,Asia,2023-02-07
mp-1246352,42.77,INR,Europe,2023-09-27
mp-757629,30.09,EUR,Europe,2023-07-01
mp-757629,60.74,USD,Australia,2023-07-18
mp-1245130,322.6,JPY,Asia,2023-12-31
mp-1245130,248.81,EUR,Australia,2023-12-11
mp-1245106,429.58,JPY,Europe,2023-11-10
mp-1245106,72.32,EUR,Australia,2023-12-14
mp-1245106,140.59,INR,Asia,2023-02-26
mp-1245165,215.2,INR,North America,2023-12-13
mp-1245165,339.9,USD,North America,2023-09-13
mp-1245165,140.28,USD,Australia,2023-08-17
mp-1244886,86.86,USD,Asia,2023-05-08
mp-1244886,489.91,JPY,Europe,2023-09-26
mp-1182730,412.01,USD,Europe,2023-05-23
mp-1182730,136.61,INR,North America,2023-05-15
mp-1182730,99.78,JPY,Australia,2023-05-25
mp-865095,407.85,INR,Australia,2023-03-29
mp-865095,379.74,INR,Asia,2023-08-21
mp-865095,347.74,USD,North America,2023-02-19
mp-1244916,19.11,JPY,Asia,2023-06-23
mp-1244916,144.55,INR,North America,2023-06-09
mp-1245681,77.12,INR,Asia,2023-02-28
mp-1245681,430.61,JPY,Asia,2023-06-26
mp-1245681,491.22,JPY,North America,2023-09-02
mp-2646978,389.46,EUR,Australia,2023-04-13
mp-2646978,88.14,JPY,Asia,2023-06-06
mp-1228894,264.3,INR,Asia,2023-11-20
mp-1228894,218.81,INR,Asia,2023-11-13
mp-753710,474.35,USD,Asia,2023-04-04
mp-1245997,51.72,USD,Europe,2023-08-13
mp-1245997,91.23,EUR,Asia,2023-04-24
mp-779435,124.85,INR,Europe,2023-09-13
mp-779435,13.97,JPY,Europe,2023-06-22
mp-1199258,99.31,USD,Australia,2023-08-15
mp-1019378,330.79,USD,Australia,2023-05-20
mp-1245258,124.12,JPY,North America,2023-12-30
mp-1245258,25.9,INR,Australia,2023-07-24
mp-1386711,497.13,EUR,Europe,2023-01-11
mp-1386711,198.99,EUR,Australia,2023-01-03
mp-777559,57.38,JPY,Asia,2023-10-23
mp-1246046,52.88,USD,North America,2023-12-11
mp-1246046,423.38,JPY,North America,2023-09-02
mp-1246046,10.36,INR,Australia,2023-05-31
mp-758685,454.4,INR,Australia,2023-10-01
mp-758685,203.66,EUR,Australia,2023-07-05
mp-758685,458.51,JPY,Asia,2023-07-01
mp-787524,296.48,INR,North America,2023-09-10
mp-787524,449.97,USD,Europe,2023-07-21
mp-568385,21.37,USD,Asia,2023-02-20
mp-568385,66.54,JPY,Europe,2023-05-29
mp-568385,218.19,JPY,North America,2023-07-27
mp-1203908,243.34,EUR,Europe,2023-01-08
mp-1203908,209.57,JPY,Asia,2023-03-30
mp-773757,443.62,USD,Australia,2023-07-10
mp-22200,193.83,JPY,Asia,2023-04-28
mp-22200,125.3,JPY,North America,2023-05-24
mp-22200,54.35,USD,Europe,2023-05-20
mp-1245181,315.04,INR,North America,2023-01-29
mp-1245181,416.4,USD,Australia,2023-03-30
mp-804,206.03,JPY,Asia,2023-02-16
mp-754991,60.68,INR,Australia,2023-11-09
mp-1181864,272.56,JPY,Australia,2023-08-10
mp-1181864,283.16,JPY,Asia,2023-12-16
mp-1245644,385.22,JPY,Europe,2023-08-30
mp-1245644,405.57,JPY,Asia,2023-01-27
mp-1245150,266.12,USD,North America,2023-08-07
mp-1245150,310.75,JPY,North America,2023-09-21
mp-1245150,208.16,USD,Australia,2023-05-19
mp-1246878,96.05,INR,Europe,2023-01-01
mp-1246878,17.36,EUR,North America,2023-10-17
mp-1246878,441.37,INR,Europe,2023-04-09
mp-765635,383.97,JPY,Europe,2023-04-04
mp-765635,232.34,INR,Europe,2023-08-07
mp-760833,367.14,EUR,Europe,2023-06-18
mp-772436,78.7,EUR,Australia,2023-10-30
mp-772436,117.1,JPY,Asia,2024-01-01
mp-1245871,432.37,INR,North America,2023-10-07
mp-1246475,221.19,INR,Europe,2023-03-11
mp-1246475,337.57,EUR,Asia,2023-11-20
mp-10371,270.91,JPY,Asia,2023-12-08
mp-10371,103.91,EUR,Europe,2023-11-04
mp-1246363,46.37,EUR,Australia,2023-08-11
mp-1246363,237.47,EUR,Asia,2023-08-14
mp-1246363,386.21,USD,Europe,2023-02-15
mp-2646985,249.19,EUR,Australia,2023-10-31
mp-541950,168.75,INR,Europe,2023-05-30
mp-1035435,258.09,EUR,Australia,2023-10-26
mp-777550,405.64,INR,Europe,2023-04-25
mp-777550,150.3,INR,Asia,2023-06-09
mp-777550,475.7,USD,North America,2023-03-27
mp-757187,113.31,USD,Asia,2023-12-12
mp-1194674,222.51,INR,North America,2023-07-15
mp-1194674,443.76,JPY,Asia,2023-05-10
mp-1194674,133.64,USD,Australia,2023-03-29
mp-1212950,52.47,EUR,Australia,2023-10-13
mp-1212950,133.24,JPY,North America,2023-12-30
mp-1212950,476.68,INR,North America,2023-11-01
mp-570245,410.76,INR,Europe,2023-10-07
mp-570245,402.7,USD,Australia,2023-03-01
mp-570245,469.39,USD,Australia,2023-02-20
mp-1245233,70.1,EUR,Europe,2023-08-06
mp-1245233,397.73,JPY,Asia,2023-07-05
mp-1245233,54.33,EUR,North America,2023-01-26
mp-1178261,490.77,INR,Europe,2023-01-15
mp-1178261,243.35,JPY,Asia,2023-07-06
