Use-case,Industry,Commercial name,Chemical Name,Chemical Formula,Tensile Strength (MPa),Yield Strength (MPa),Density (g/cm³),Thermal Conductivity (W/m·K),Property Overlap,certifications,lca_carbon_footprint,lca_water_usage,lca_energy,recycled_content,renewable_content,supply_chain_transparency,cert_tier1,cert_tier2,cert_tier3,manufacturing_processes,manufacturing_complexity,min_feature_size,achievable_tolerance,anisotropy_concern,specialized_equipment_needed,process_maturity,design_considerations,typical_defects,market_growth_rate,market_size_usd,market_maturity,adoption_curve_position,competitive_intensity,regulatory_tailwinds,Competitive_Advantage,System_Level_Impact
Abrasive grinding wheels,Manufacturing,SiC Abrasives,Silicon Carbide,SiC,380-450,320-380,3.1-3.2,120-170,"High hardness, Wear resistance, Thermal stability, Chemical inertness","ISO 14001, REACH, RoHS, ISO 9001, ANSI B74.12, FEPA",35.0-38.5,28.0-32.0,40.0-44.0,45-50,0,75-80,"Cradle to Cradle, GreenStar","ISO 14001, ANSI B74.12, FEPA","EPD, RoHS","Powder synthesis, Sintering, Grinding, Bonding, Classification",Medium,25-35μm,±5μm-±10μm,No,Yes,"High - widely available","Design for optimal grain size distribution. Balance between hardness and toughness for specific grinding applications.","Surface porosity, Grain pullout, Bond fracture","6-8%","$4.2B-4.8B",Mature,"Mainstream",High,"Moderate - industrial safety standards","30% longer lifespan than aluminum oxide; 40% faster material removal than conventional abrasives; maintains sharpness at temperatures where corundum abrasives degrade","Enables precision manufacturing systems with 25% reduced downtime and 15% higher throughput; reduces cooling requirements in high-speed grinding operations; supports closed-loop manufacturing with reduced material waste"
Bulletproof armor plates,Defense/Security,SiC Ballistic Ceramics,Silicon Carbide,SiC,410-480,350-410,3.15-3.25,110-150,"High hardness, Impact resistance, Low density, Structural integrity","ISO 14001, MIL-STD-662F, NIJ 0101.06, ISO 9001, ITAR, ASTM F1233",38.0-42.0,30.0-34.0,42.0-46.0,40-45,0,70-75,"Cradle to Cradle, GreenStar","ISO 14001, MIL-STD-662F, NIJ 0101.06","DFARS, ITAR, ASTM F1233","Hot pressing, Reaction bonding, Precision machining, Multi-layer assembly",High,0.5mm-1.0mm,±0.1mm-±0.2mm,No,Yes,"High - widely available","Design for multi-hit capability. Optimize for weight reduction while maintaining ballistic performance.","Edge chipping, Stress fractures, Delamination","10-12%","$3.5B-4.0B",Growing,"Early majority",Medium,"Very strong - defense procurement policies","25% lighter than steel armor at equivalent protection levels; 35% better multi-hit capability than alumina ceramics; maintains structural integrity at impact velocities where boron carbide fractures","Enables new body armor designs with enhanced mobility and reduced fatigue; allows for vehicle armor systems with reduced weight penalty and improved fuel efficiency; supports modular protection systems adaptable to varying threat levels"
Power electronics semiconductors,Electronics,SiC Power Devices,Silicon Carbide,SiC,380-450,320-380,3.1-3.2,120-170,"Wide bandgap, High breakdown field, High thermal conductivity","ISO 14001, REACH, IEC 62474, ISO 9001, JEDEC JESD22, RoHS, IEC 61000",36.0-40.0,29.0-33.0,41.0-45.0,42-47,0,72-77,"Cradle to Cradle, GreenStar","ISO 14001, IEC 62474, JEDEC JESD22","EPD, RoHS, IEC 61000","CVD epitaxial growth, Ion implantation, Photolithography, Metallization, Wafer cleaning",Very High,0.5μm-1.0μm,±0.1μm-±0.2μm,Yes,Yes,"Medium - limited suppliers","Design for high-voltage operation. Consider thermal management for efficient heat dissipation.","Crystal defects, Interface states, Contact resistance","18-22%","$2.8B-3.5B",Growing,"Early majority",High,"Strong - energy efficiency regulations","10x higher breakdown field than silicon; operates at 200°C vs. silicon's 150°C limit; 3x higher thermal conductivity than GaN; enables 300% higher power density than silicon devices","Enables complete redesign of power conversion architectures; reduces cooling system requirements by 40%; allows for elimination of entire conversion stages in power systems; supports grid-scale power systems with 30% smaller footprint"
Electric vehicle power modules,Automotive,SiC EV Components,Silicon Carbide,SiC,400-470,340-400,3.1-3.2,120-170,"High temperature operation, Fast switching, Low switching losses","ISO 14001, IATF 16949, ISO 26262, ISO 9001, AEC-Q101, RoHS, IEC 62477",34.0-38.0,27.0-31.0,39.0-43.0,45-50,0,76-81,"Cradle to Cradle, GreenStar","ISO 14001, IATF 16949, ISO 26262","EPD, RoHS, AEC-Q101, IEC 62477","Die attach, Wire bonding, Encapsulation, Thermal cycling testing",Very High,1.0μm-2.0μm,±0.2μm-±0.4μm,Yes,Yes,"Medium - limited suppliers","Design for thermal cycling reliability. Optimize for power density and efficiency.","Bond wire lift-off, Die attach voids, Thermal fatigue","22-26%","$3.8B-4.5B",Growing,"Early majority",High,"Very strong - vehicle emission regulations","50% reduction in switching losses compared to silicon IGBTs; 25% higher power density than silicon modules; operates reliably at junction temperatures up to 200°C where silicon modules degrade; enables 80% faster switching frequencies","Enables complete redesign of EV powertrain architecture; allows 15-20% increase in vehicle range through efficiency gains; supports direct liquid cooling systems that reduce cooling system weight by 40%; enables bidirectional power flow for vehicle-to-grid integration"
High-temperature furnace components,Industrial Equipment,SiC Kiln Furniture,Silicon Carbide,SiC,380-450,320-380,3.1-3.2,120-170,"High temperature resistance, Thermal shock resistance, Creep resistance","ISO 14001, ASTM C1161, ISO 9001, ASME BPVC, ISO 15366, RoHS",37.0-41.0,29.0-33.0,42.0-46.0,48-53,0,78-83,"Cradle to Cradle, GreenStar","ISO 14001, ASTM C1161, ISO 15366","EPD, RoHS, ASME BPVC","Slip casting, Reaction bonding, Sintering, Machining",Medium,0.8mm-1.5mm,±0.2mm-±0.3mm,No,Yes,"High - widely available","Design for thermal cycling durability. Consider thermal expansion compatibility with adjacent materials.","Thermal stress cracks, Oxidation, Dimensional warping","5-7%","$1.8B-2.3B",Mature,"Late majority",Medium,"Moderate - industrial energy efficiency standards","Withstands temperatures up to 1600°C vs. 1400°C for alumina; 3x better thermal shock resistance than zirconia; 60% longer service life than metallic components in corrosive environments; maintains dimensional stability where metals creep","Enables higher temperature industrial processes previously impossible; reduces furnace maintenance cycles by 40%; allows for rapid thermal cycling processes that reduce energy consumption by 25%; supports cleaner manufacturing with reduced particulate contamination"
LED substrate materials,Optoelectronics,SiC LED Substrates,Silicon Carbide,SiC,380-450,320-380,3.1-3.2,120-170,"Lattice matching, Thermal management, Optical transparency","ISO 14001, REACH, IEC 62471, ISO 9001, JEDEC JESD22, RoHS, IEC 62108",35.5-39.5,28.5-32.5,40.5-44.5,44-49,0,74-79,"Cradle to Cradle, GreenStar","ISO 14001, IEC 62471, JEDEC JESD22","EPD, RoHS, IEC 62108","CVD epitaxial growth, Wafer polishing, Surface preparation, Dicing",Very High,0.2μm-0.5μm,±0.05μm-±0.1μm,Yes,Yes,"Medium - limited suppliers","Design for optimal light extraction. Consider thermal expansion matching with epitaxial layers.","Micropipes, Basal plane dislocations, Surface roughness","14-16%","$1.5B-2.0B",Growing,"Early majority",Medium,"Strong - energy efficiency lighting standards","4% better lattice matching to GaN than sapphire; 3x higher thermal conductivity than sapphire substrates; enables 30% higher power density LEDs; supports higher current operation without thermal degradation","Enables new generation of ultra-high brightness LED systems; allows for direct integration of thermal management into the substrate; supports micro-LED display architectures with 50% better energy efficiency; enables new form factors for solid-state lighting impossible with conventional substrates"
Chemical processing equipment,Chemical Industry,SiC Corrosion Resistant Parts,Silicon Carbide,SiC,390-460,330-390,3.1-3.2,120-170,"Chemical inertness, Acid resistance, Alkali resistance","ISO 14001, ASTM C1161, ISO 9001, ASME BPVC, ISO 15366, RoHS, ASTM C1039",36.5-40.5,29.5-33.5,41.5-45.5,46-51,0,77-82,"Cradle to Cradle, GreenStar","ISO 14001, ASTM C1161, ASME BPVC","EPD, RoHS, ASTM C1039, ISO 15366","Isostatic pressing, Sintering, Precision machining, Chemical testing",High,0.5mm-1.0mm,±0.1mm-±0.2mm,No,Yes,"High - widely available","Design for chemical compatibility with specific process fluids. Consider joint sealing and gasket compatibility.","Porosity, Stress corrosion cracking, Joint leakage","7-9%","$2.0B-2.5B",Mature,"Late majority",Medium,"Strong - chemical processing safety regulations","Resists corrosion in environments where stainless steel fails; 5x longer service life than specialty alloys in concentrated acid environments; maintains structural integrity at pH <1 and >13; zero contamination risk compared to metal components","Enables closed-loop chemical processing systems with 90% reduced waste; allows for more aggressive chemical processes that increase yield by 30%; supports continuous flow reactors with reduced maintenance cycles; enables process intensification techniques previously limited by material constraints"
Mechanical seals and bearings,Industrial Equipment,SiC Tribological Components,Silicon Carbide,SiC,400-470,340-400,3.1-3.2,120-170,"Low friction coefficient, Wear resistance, Self-lubricating properties","ISO 14001, ASTM F1511, ISO 9001, API 682, ASME B73.1, RoHS",37.5-41.5,30.0-34.0,42.5-46.5,47-52,0,76-81,"Cradle to Cradle, GreenStar","ISO 14001, ASTM F1511, API 682","EPD, RoHS, ASME B73.1","Reaction bonding, Sintering, Lapping, Precision grinding, Surface finishing",High,0.2μm-0.5μm,±0.05μm-±0.1μm,No,Yes,"High - widely available","Design for optimal face loading and fluid film thickness. Consider thermal expansion during dry running conditions.","Face chipping, Thermal cracking, Uneven wear","6-8%","$1.7B-2.2B",Mature,"Mainstream",Medium,"Moderate - industrial equipment efficiency standards","4x longer service life than tungsten carbide in abrasive environments; 70% lower friction coefficient than carbon graphite; maintains dimensional stability at temperatures where polymer seals fail; 50% lower wear rate than alumina ceramics","Enables dry-running pump systems that eliminate water consumption; allows for sealed systems with zero emissions in hazardous fluid applications; supports maintenance-free operation in remote installations; enables new pump designs with 35% higher efficiency through tighter clearances"
Solar inverter components,Renewable Energy,SiC Solar Power Electronics,Silicon Carbide,SiC,380-450,320-380,3.1-3.2,120-170,"High switching frequency, Low switching losses, High temperature operation","ISO 14001, IEC 62109, ISO 9001, UL 1741, IEC 61683, RoHS",34.5-38.5,27.5-31.5,39.5-43.5,45-50,0,75-80,"Cradle to Cradle, GreenStar","ISO 14001, IEC 62109, UL 1741","EPD, RoHS, IEC 61683","Die fabrication, Module assembly, Thermal management integration, Reliability testing",Very High,0.8μm-1.2μm,±0.15μm-±0.25μm,Yes,Yes,"Medium - limited suppliers","Design for high efficiency and reliability. Consider thermal cycling from day/night operation.","Gate oxide breakdown, Threshold voltage drift, Package delamination","20-24%","$2.2B-2.8B",Growing,"Early majority",High,"Very strong - renewable energy incentives","2.5% higher conversion efficiency than silicon-based inverters; 75% reduction in switching losses; 40% smaller form factor for equivalent power rating; operates reliably at ambient temperatures up to 85°C where silicon-based systems require derating","Enables transformerless inverter designs that reduce weight by 60%; supports grid-forming capabilities for virtual power plant integration; allows for direct DC coupling with battery storage systems; enables microgrids with 30% higher resilience to grid instabilities"
Aerospace heat shields,Aerospace,SiC Thermal Protection Systems,Silicon Carbide,SiC,410-480,350-410,3.15-3.25,110-150,"High temperature resistance, Ablation resistance, Structural integrity","ISO 14001, AS9100D, NASA-STD-6016, ISO 9001, ASTM E285, RTCA/DO-160, ITAR",38.5-42.5,31.0-35.0,43.5-47.5,40-45,0,70-75,"Cradle to Cradle, GreenStar","ISO 14001, AS9100D, NASA-STD-6016","EPD, ITAR, ASTM E285, RTCA/DO-160","Chemical vapor infiltration, Ceramic matrix composite processing, Precision machining, Non-destructive testing",Very High,0.3mm-0.6mm,±0.05mm-±0.1mm,Yes,Yes,"Medium - limited suppliers","Design for extreme thermal gradients and atmospheric re-entry conditions. Consider thermal expansion mismatch with attachment structures.","Matrix cracking, Fiber-matrix debonding, Oxidation damage","12-15%","$1.2B-1.6B",Growing,"Early adopters",Low,"Strong - aerospace safety regulations","Withstands temperatures up to 1650°C vs. 1400°C for carbon-carbon composites; 40% lighter than metallic heat shields; 25% better thermal shock resistance than oxide ceramics; maintains structural integrity through multiple reentry cycles where alternatives degrade","Enables reusable spacecraft designs with 70% lower refurbishment costs; allows for steeper reentry trajectories that expand landing zone options by 300%; supports hypersonic vehicle designs with integrated thermal-structural systems; enables new mission profiles impossible with conventional thermal protection systems"
Cutting tools and drill bits,Manufacturing,SiC Cutting Inserts,Silicon Carbide,SiC,400-470,340-400,3.1-3.2,120-170,"Extreme hardness, Wear resistance, Edge retention","ISO 14001, ISO 9001, ANSI B212.4, ASTM B887, ISO 513, RoHS",36.0-40.0,29.0-33.0,41.0-45.0,44-49,0,74-79,"Cradle to Cradle, GreenStar","ISO 14001, ISO 513, ANSI B212.4","EPD, RoHS, ASTM B887","Powder compaction, Sintering, Grinding, Edge preparation, Coating",High,10μm-20μm,±2μm-±5μm,No,Yes,"High - widely available","Design for optimal cutting geometry and heat dissipation. Consider coating compatibility for specific cutting applications.","Edge chipping, Coating delamination, Thermal cracking","8-10%","$2.5B-3.0B",Mature,"Mainstream",High,"Moderate - manufacturing efficiency standards","3x longer tool life than tungsten carbide in high-speed machining; maintains cutting edge at temperatures 200°C higher than conventional tools; 45% higher material removal rates in hardened steels; reduces coolant requirements by 60% in many applications","Enables dry machining processes that eliminate coolant waste streams; supports lights-out manufacturing with predictable tool wear; allows for complete redesign of machining processes with 40% higher throughput; enables precision machining of advanced materials previously considered unmachineable"
Microelectromechanical systems (MEMS),Electronics,SiC MEMS,Silicon Carbide,SiC,380-450,320-380,3.1-3.2,120-170,"High frequency operation, Chemical inertness, Mechanical stability","ISO 14001, REACH, IEC 62474, ISO 9001, JEDEC JESD22, RoHS, IEC 60749",37.0-41.0,30.0-34.0,42.0-46.0,43-48,0,73-78,"Cradle to Cradle, GreenStar","ISO 14001, IEC 62474, JEDEC JESD22","EPD, RoHS, IEC 60749","Surface micromachining, Deep reactive ion etching, Wafer bonding, Sacrificial layer etching",Very High,0.1μm-0.3μm,±0.02μm-±0.05μm,Yes,Yes,"Medium - limited suppliers","Design for minimal residual stress. Consider stiction prevention and hermetic packaging requirements.","Stiction, Residual stress warping, Release etch damage","16-20%","$1.0B-1.4B",Growing,"Early majority",Medium,"Strong - IoT and sensor network regulations","Operates at temperatures up to 600°C vs. 150°C for silicon MEMS; 10x higher resonant frequencies than silicon for equivalent geometries; 5x better mechanical stability in harsh environments; maintains performance in corrosive gases where silicon devices fail","Enables sensor networks in previously inaccessible harsh environments; allows for direct integration of sensing in high-temperature processes without cooling; supports new IoT architectures with 80% reduced maintenance requirements; enables predictive maintenance systems with unprecedented reliability in extreme conditions"
Nuclear reactor components,Nuclear Energy,SiC Nuclear Fuel Cladding,Silicon Carbide,SiC,410-480,350-410,3.15-3.25,110-150,"Radiation resistance, Low neutron absorption, High temperature stability","ISO 14001, ASME BPVC Section III, ISO 9001, ASTM E1921, NQA-1, 10 CFR 50",39.0-43.0,31.5-35.5,44.0-48.0,38-43,0,68-73,"Cradle to Cradle, GreenStar","ISO 14001, ASME BPVC Section III, NQA-1","EPD, ASTM E1921, 10 CFR 50","Chemical vapor deposition, Sintering, Non-destructive testing, Irradiation testing",Very High,0.1mm-0.3mm,±0.02mm-±0.05mm,Yes,Yes,"Low - emerging technology","Design for neutron irradiation resistance. Consider fission product retention and accident tolerance.","Irradiation-induced swelling, Microcracking, Hydrothermal corrosion","14-18%","$0.8B-1.2B",Growing,"Early adopters",Low,"Very strong - nuclear safety regulations","200°C higher operating temperature than zirconium alloys; 1000x lower hydrogen generation during accident scenarios; 60% better neutron economy allowing extended fuel cycles; maintains mechanical integrity after radiation exposure levels that would embrittle metal claddings","Enables accident-tolerant fuel designs with 72-hour passive safety margins vs. 24 hours for conventional fuels; supports high-burnup reactor cores with 30% less waste generation; allows for advanced reactor designs with simplified cooling systems; enables load-following operation in nuclear plants supporting renewable energy integration"
High-temperature gas sensors,Industrial IoT,SiC Gas Sensing Elements,Silicon Carbide,SiC,380-450,320-380,3.1-3.2,120-170,"High temperature stability, Chemical sensitivity, Fast response time","ISO 14001, IEC 60079, ISO 9001, ATEX Directive, UL 2075, IEC 61508",35.5-39.5,28.5-32.5,40.5-44.5,46-51,0,77-82,"Cradle to Cradle, GreenStar","ISO 14001, IEC 60079, IEC 61508","EPD, RoHS, ATEX Directive, UL 2075","Epitaxial growth, Photolithography, Metal deposition, Packaging, Calibration",High,0.5μm-1.0μm,±0.1μm-±0.2μm,Yes,Yes,"Medium - limited suppliers","Design for selective gas detection. Consider long-term stability and drift compensation algorithms.","Baseline drift, Cross-sensitivity, Contact degradation","15-18%","$1.3B-1.7B",Growing,"Early majority",Medium,"Strong - industrial safety regulations","Operates reliably at temperatures up to 800°C vs. 400°C for metal oxide sensors; 50x faster response time in detecting toxic gases; 95% lower false alarm rate in mixed gas environments; maintains calibration 5x longer than conventional sensors in harsh conditions","Enables in-situ monitoring of high-temperature industrial processes without cooling systems; supports predictive safety systems with 90% faster evacuation times; allows for distributed sensor networks in hazardous areas with 75% reduced maintenance; enables real-time process optimization in chemical and energy industries previously impossible with conventional sensors"
Wafer carriers for semiconductor processing,Semiconductor Manufacturing,SiC Wafer Boats,Silicon Carbide,SiC,390-460,330-390,3.1-3.2,120-170,"High temperature stability, Chemical inertness, Low particulate generation","ISO 14001, SEMI S2, ISO 9001, SEMI F47, SEMI S8, RoHS",37.5-41.5,30.0-34.0,42.5-46.5,47-52,0,78-83,"Cradle to Cradle, GreenStar","ISO 14001, SEMI S2, SEMI F47","EPD, RoHS, SEMI S8","Isostatic pressing, Sintering, Precision machining, Cleaning, Particle testing",High,0.3mm-0.6mm,±0.05mm-±0.1mm,No,Yes,"High - widely available","Design for minimal wafer contact points. Consider thermal uniformity and structural integrity at high temperatures.","Thermal stress cracking, Particulate generation, Dimensional instability","7-9%","$1.5B-1.9B",Mature,"Late majority",Medium,"Moderate - semiconductor manufacturing standards","100x lower particulate generation than quartz carriers; withstands 300°C higher processing temperatures than metal carriers; 80% longer service life in aggressive chemical environments; maintains dimensional stability through 3x more thermal cycles than alternatives","Enables higher-temperature semiconductor processes for advanced node manufacturing; supports transition to larger wafer sizes with 40% less breakage; allows for more aggressive cleaning chemistries that improve yield by 5-8%; enables continuous processing with reduced downtime for carrier replacement"
Quantum computing components,Quantum Technology,SiC Quantum Substrates,Silicon Carbide,SiC,380-450,320-380,3.1-3.2,120-170,"Spin coherence, Defect engineering, Cryogenic stability","ISO 14001, REACH, IEC TS 62853, ISO 9001, IEEE 1906.1, NIST QIP",40.0-44.0,32.5-36.5,45.0-49.0,36-41,0,67-72,"Cradle to Cradle, GreenStar","ISO 14001, IEC TS 62853, NIST QIP","EPD, IEEE 1906.1","Ultra-high purity synthesis, Ion implantation, Annealing, Cryogenic testing",Very High,5nm-10nm,±1nm-±2nm,Yes,Yes,"Experimental","Design for minimal magnetic noise. Consider spin-photon interfaces and quantum coherence preservation.","Unwanted paramagnetic defects, Strain inhomogeneity, Decoherence sources","30-35%","$0.2B-0.4B",Emerging,"Innovators",Low,"Strong - quantum technology initiatives","10x longer spin coherence times than diamond NV centers at room temperature; operates at 4K vs. sub-20mK for superconducting qubits; enables optically addressable qubits with telecom-compatible emission; maintains quantum properties in integrated circuit form factors where alternative qubit technologies cannot be integrated","Enables room-temperature quantum sensing with 50x higher sensitivity; supports scalable quantum networks with built-in spin-photon interfaces; allows for hybrid classical-quantum integrated circuits impossible with other platforms; enables distributed quantum computing architectures with significantly reduced cryogenic infrastructure requirements"
Biomaterial implants,Medical,SiC Biomedical Devices,Silicon Carbide,SiC,400-470,340-400,3.1-3.2,120-170,"Biocompatibility, Chemical inertness, Wear resistance","ISO 14001, ISO 13485, ISO 10993, ISO 9001, FDA 21 CFR 820, ASTM F2094, CE (MDR)",36.0-40.0,29.0-33.0,41.0-45.0,42-47,0,72-77,"Cradle to Cradle, GreenStar","ISO 14001, ISO 13485, FDA 21 CFR 820","EPD, ISO 10993, CE (MDR), ASTM F2094","Powder synthesis, Biocompatible coating, Precision machining, Sterilization validation",Very High,0.5μm-1.0μm,±0.1μm-±0.2μm,No,Yes,"Medium - limited suppliers","Design for minimal wear debris generation. Consider osseointegration properties and long-term stability in physiological environment.","Surface microcracks, Biofilm formation, Coating delamination","12-15%","$0.9B-1.3B",Growing,"Early majority",Medium,"Very strong - medical device regulations","90% lower wear particle generation than titanium alloys; zero leaching of toxic ions vs. metal implants; 3x better osseointegration than conventional ceramics; maintains structural integrity for 25+ years vs. 10-15 years for alternatives","Enables lifetime implants that eliminate revision surgeries; supports active monitoring implants with integrated sensors; allows for load-bearing implants in previously unsuitable applications; enables new minimally invasive procedures through superior material properties"
Radar absorbing materials,Defense/Security,SiC Stealth Components,Silicon Carbide,SiC,390-460,330-390,3.1-3.2,120-170,"Electromagnetic wave absorption, Thermal stability, Structural integrity","ISO 14001, MIL-STD-461, ISO 9001, ITAR, MIL-DTL-5541, AS9100D",38.0-42.0,30.5-34.5,43.0-47.0,40-45,0,70-75,"Cradle to Cradle, GreenStar","ISO 14001, MIL-STD-461, AS9100D","EPD, ITAR, MIL-DTL-5541","Powder synthesis, Composite formation, Electromagnetic characterization, Radar cross-section testing",Very High,0.8mm-1.2mm,±0.2mm-±0.3mm,Yes,Yes,"Medium - limited suppliers","Design for specific radar frequency absorption. Consider multi-layer structures for broadband absorption.","Delamination, Frequency shift, Environmental degradation","10-12%","$1.8B-2.3B",Growing,"Early adopters",Low,"Strong - defense technology initiatives","15dB higher radar absorption than conventional RAM materials; maintains absorption properties at temperatures 300°C higher than polymer-based absorbers; 40% lighter than metal-loaded absorbers with equivalent performance; withstands hypersonic flight conditions where conventional materials degrade","Enables stealth capabilities in extreme thermal environments previously impossible with conventional materials; supports integrated structural-electromagnetic designs that reduce platform weight by 25%; allows for broadband absorption across multiple radar bands simultaneously; enables new mission profiles in contested electromagnetic environments"
5G/6G RF components,Telecommunications,SiC RF Devices,Silicon Carbide,SiC,380-450,320-380,3.1-3.2,120-170,"High frequency operation, Low loss, Power handling","ISO 14001, REACH, IEC 62368, ISO 9001, ITU-T K.20, FCC Part 15, ETSI EN 300",35.0-39.0,28.0-32.0,40.0-44.0,45-50,0,75-80,"Cradle to Cradle, GreenStar","ISO 14001, IEC 62368, ITU-T K.20","EPD, RoHS, FCC Part 15, ETSI EN 300","Epitaxial growth, Lithography, Metal deposition, RF testing, Packaging",Very High,0.3μm-0.6μm,±0.05μm-±0.1μm,Yes,Yes,"Medium - limited suppliers","Design for minimal RF losses. Consider thermal management for high-power operation.","Parasitic capacitance, Thermal runaway, Package resonances","22-26%","$2.5B-3.2B",Growing,"Early majority",High,"Very strong - telecommunications standards","5x higher power density than GaN at mmWave frequencies; 70% lower insertion loss than silicon at frequencies above 100 GHz; operates at junction temperatures 150°C higher than GaAs; enables 40% more efficient power amplification in sub-THz bands","Enables ultra-dense 6G small cell deployment with 80% reduced cooling requirements; supports direct integration of RF front-ends with antenna arrays for massive MIMO; enables new spectrum utilization above 100 GHz previously inaccessible; allows for rural broadband deployment with 3x greater range than conventional technologies"
Self-healing structural materials,Advanced Materials,SiC Self-healing Composites,Silicon Carbide,SiC,410-480,350-410,3.15-3.25,110-150,"Crack healing capability, High temperature stability, Mechanical strength","ISO 14001, ASTM C1161, ISO 9001, ASTM C1421, ASTM E1820, RoHS",37.0-41.0,29.5-33.5,42.0-46.0,48-53,0,78-83,"Cradle to Cradle, GreenStar","ISO 14001, ASTM C1161, ASTM C1421","EPD, RoHS, ASTM E1820","Powder synthesis, Healing agent encapsulation, Composite processing, Mechanical testing",Very High,5μm-10μm,±1μm-±2μm,Yes,Yes,"Experimental","Design for optimal healing agent distribution. Consider trigger mechanisms for healing activation and multiple healing cycles.","Incomplete healing, Healing agent depletion, Mechanical property degradation","25-30%","$0.3B-0.6B",Emerging,"Innovators",Low,"Moderate - advanced materials standards","Autonomously repairs microcrack damage at temperatures up to 1200°C vs. 400°C for polymer-based self-healing; restores 85% of original strength after damage vs. 50-60% for alternative ceramic systems; maintains healing capability through 20+ damage-heal cycles; operates in oxidizing environments where metal-based systems fail","Enables self-monitoring and self-repairing infrastructure with 3x longer service life; allows for ultra-lightweight structures with built-in damage tolerance; supports critical components in extreme environments with minimal maintenance; enables new design paradigms that leverage controlled microcracking for enhanced performance"
Neuromorphic computing devices,Computing,SiC Neural Processing Units,Silicon Carbide,SiC,380-450,320-380,3.1-3.2,120-170,"Synaptic-like behavior, Low power operation, Analog computing capability","ISO 14001, REACH, IEC 62474, ISO 9001, JEDEC JESD22, RoHS, IEC 62902",39.0-43.0,31.5-35.5,44.0-48.0,38-43,0,69-74,"Cradle to Cradle, GreenStar","ISO 14001, IEC 62474, JEDEC JESD22","EPD, RoHS, IEC 62902","Atomic layer deposition, Nanoscale patterning, Neuromorphic circuit integration, AI training validation",Very High,3nm-6nm,±0.8nm-±1.2nm,Yes,Yes,"Experimental","Design for spike-timing-dependent plasticity. Consider variability-aware training protocols and low-power operation modes.","Resistance drift, Switching variability, Pattern recognition errors","28-32%","$0.15B-0.3B",Emerging,"Innovators",Low,"Strong - AI efficiency initiatives","1000x lower power consumption than silicon CMOS for equivalent neural network operations; maintains synaptic weight states for 10+ years without refresh vs. days for competing technologies; operates reliably at temperatures up to 250°C where silicon-based neuromorphic systems fail; enables analog computing with 8-bit precision in harsh environments","Enables edge AI deployment in extreme industrial environments previously impossible; supports continuous learning systems with near-zero standby power; allows for neural interfaces with 100x higher electrode density; enables new computing paradigms combining ultra-low power with radiation hardness for space applications"
Photonic integrated circuits,Photonics,SiC Photonic Devices,Silicon Carbide,SiC,380-450,320-380,3.1-3.2,120-170,"Optical transparency, Refractive index control, Nonlinear optical properties","ISO 14001, REACH, IEC 60825, ISO 9001, IEC 62149, RoHS, Telcordia GR-468",36.5-40.5,29.0-33.0,41.5-45.5,43-48,0,73-78,"Cradle to Cradle, GreenStar","ISO 14001, IEC 60825, IEC 62149","EPD, RoHS, Telcordia GR-468","Epitaxial growth, Nanolithography, Waveguide etching, Optical coupling, Packaging",Very High,0.1μm-0.3μm,±0.02μm-±0.05μm,Yes,Yes,"Medium - limited suppliers","Design for minimal optical loss. Consider mode matching and coupling efficiency with other photonic components.","Propagation loss, Modal mismatch, Polarization dependence","18-22%","$1.0B-1.5B",Growing,"Early adopters",Medium,"Strong - optical communications standards","Operates across UV to mid-IR spectrum vs. limited bands for silicon photonics; 10x higher power handling capability than InP or silicon; maintains optical properties at temperatures 300°C higher than conventional photonics; enables 3x stronger nonlinear optical effects for frequency conversion","Enables integrated quantum photonic circuits with single-photon sources and detectors on the same chip; supports all-optical signal processing for ultra-high bandwidth communications; allows for LiDAR and sensing systems with unprecedented range and resolution; enables new biosensing platforms with mid-IR operation for molecular fingerprinting"
Hypersonic vehicle components,Aerospace,SiC Hypersonic Structures,Silicon Carbide,SiC,420-490,360-420,3.15-3.25,110-150,"Extreme temperature resistance, Oxidation resistance, Structural integrity","ISO 14001, AS9100D, MIL-STD-810, ISO 9001, ASTM E285, RTCA/DO-160, ITAR",39.5-43.5,32.0-36.0,44.5-48.5,38-43,0,69-74,"Cradle to Cradle, GreenStar","ISO 14001, AS9100D, MIL-STD-810","EPD, ITAR, ASTM E285, RTCA/DO-160","Chemical vapor infiltration, Ultra-high temperature ceramic processing, Non-destructive testing, Hypersonic wind tunnel testing",Very High,0.2mm-0.4mm,±0.04mm-±0.08mm,Yes,Yes,"Experimental","Design for extreme thermal gradients (>2000°C) and aerodynamic heating. Consider oxidation protection systems and thermal expansion management.","Oxidation penetration, Thermal stress fracture, Ablation non-uniformity","20-25%","$0.6B-0.9B",Emerging,"Innovators",Low,"Strong - aerospace defense initiatives","Withstands temperatures up to 2200°C vs. 1600°C for carbon-carbon composites; maintains structural integrity at Mach 20+ where conventional materials ablate; 60% lower oxidation rate than traditional ceramics in hypersonic conditions; enables 40% lighter thermal protection systems than current solutions","Enables reusable hypersonic vehicles with 5x more missions between refurbishment; supports air-breathing hypersonic propulsion with integrated thermal management; allows for new hypersonic vehicle designs with complex geometries previously impossible; enables rapid global response capabilities with dramatically reduced logistics footprint"
Quantum phononic devices,Quantum Technology,SiC Phononic Crystals,Silicon Carbide,SiC,380-450,320-380,3.1-3.2,120-170,"Phonon bandgap engineering, Quantum acoustic coupling, Thermal conductivity control","ISO 14001, REACH, IEC TS 62853, ISO 9001, IEEE 1906.1, NIST QIP",41.0-45.0,33.5-37.5,46.0-50.0,35-40,0,66-71,"Cradle to Cradle, GreenStar","ISO 14001, IEC TS 62853, NIST QIP","EPD, IEEE 1906.1","Nanolithography, Reactive ion etching, Phononic structure fabrication, Cryogenic acoustic testing",Very High,8nm-12nm,±1.5nm-±2.5nm,Yes,Yes,"Experimental","Design for phonon-qubit coupling. Consider acoustic wave confinement and isolation from thermal noise.","Acoustic leakage, Unwanted mode coupling, Fabrication non-uniformity","32-38%","$0.1B-0.2B",Emerging,"Innovators",Low,"Moderate - quantum research initiatives","Creates complete phononic bandgaps at frequencies 5x higher than silicon-based structures; maintains quantum coherence 20x longer than competing platforms; enables phonon-photon coupling with 95% efficiency vs. 40-60% in alternative materials; operates at temperatures up to 50K vs. sub-1K for superconducting quantum systems","Enables quantum transduction between microwave and optical domains critical for quantum networks; supports hybrid quantum systems with multiple qubit types on a single platform; allows for quantum-enhanced thermal management in next-generation computing; enables new quantum sensing modalities leveraging mechanical degrees of freedom"
Engineered point defects,Materials Science,SiC Defect Engineering,Silicon Carbide,SiC,380-450,320-380,3.1-3.2,120-170,"Controlled defect creation, Single photon emission, Spin manipulation","ISO 14001, REACH, ISO 9001, ASTM F2094, IEEE 1906.1, NIST QIP",40.5-44.5,33.0-37.0,45.5-49.5,36-41,0,67-72,"Cradle to Cradle, GreenStar","ISO 14001, IEEE 1906.1, NIST QIP","EPD, ASTM F2094","Ultra-high purity synthesis, Ion implantation, Annealing, Single defect characterization",Very High,1nm-3nm,±0.3nm-±0.6nm,Yes,Yes,"Experimental","Design for specific defect types and concentrations. Consider optical addressing and readout mechanisms.","Uncontrolled defect formation, Charge state instability, Coherence degradation","35-40%","$0.08B-0.15B",Emerging,"Innovators",Low,"Moderate - quantum sensing initiatives","Enables single photon emission at telecom wavelengths vs. visible-only for diamond NV centers; maintains spin coherence at temperatures 200K higher than competing defect systems; allows for electrical control of quantum states impossible in most other defect platforms; achieves 98% indistinguishability in photon emission vs. 80-85% in alternative systems","Enables scalable quantum networks with CMOS-compatible nodes; supports room-temperature quantum sensing with nanoscale spatial resolution; allows for integrated quantum memory with classical computing elements; enables new quantum metrology applications with unprecedented sensitivity to electric and magnetic fields"
MEMS devices,Electronics,SiC MEMS,Silicon Carbide,SiC,400-470,340-400,3.1-3.2,120-170,"High temperature stability, Chemical inertness, Mechanical strength","ISO 14001, REACH, IEC 62474, ISO 9001, JEDEC JESD22, RoHS, MIL-STD-883",36.5-40.5,29.5-33.5,41.5-45.5,43-48,0,73-78,"Cradle to Cradle, GreenStar","ISO 14001, IEC 62474, JEDEC JESD22","EPD, RoHS, MIL-STD-883","CVD epitaxial growth, Photolithography, Deep reactive ion etching, Surface micromachining",Very High,0.2μm-0.5μm,±0.05μm-±0.1μm,Yes,Yes,"Medium - limited suppliers","Design for harsh environment operation. Consider residual stress management in thin films.","Stiction, Residual stress warping, Surface contamination","16-20%","$1.2B-1.6B",Growing,"Early majority",Medium,"Strong - IoT and sensor network expansion","Operates reliably at temperatures up to 600°C vs. 150°C for silicon MEMS; withstands 100x higher mechanical shock than conventional MEMS; maintains calibration in corrosive environments where silicon devices fail within hours; 50x longer service life in high-radiation environments than alternatives","Enables distributed sensor networks in previously inaccessible harsh environments; supports real-time monitoring of critical infrastructure with minimal maintenance; allows for implantable medical devices with 10x longer operational lifetimes; enables new aerospace and downhole sensing applications that reduce catastrophic failures by 80%"
Nuclear fuel cladding,Energy,SiC Nuclear Components,Silicon Carbide,SiC,420-490,360-420,3.1-3.2,120-170,"Radiation resistance, Low neutron absorption, High temperature stability","ISO 14001, ASTM E1019, ISO 9001, ASME BPVC Section III, NQA-1, RoHS",38.0-42.0,30.5-34.5,43.0-47.0,42-47,0,80-85,"Cradle to Cradle, GreenStar","ISO 14001, ASTM E1019, ASME BPVC Section III","EPD, RoHS, NQA-1","CVD, CVI infiltration, Sintering, Non-destructive testing, Hermeticity testing",Very High,0.3mm-0.6mm,±0.05mm-±0.1mm,No,Yes,"Low - highly specialized","Design for radiation damage resistance. Consider hermeticity and fission product retention.","Microcracking, Irradiation-induced swelling, Transmutation effects","12-15%","$0.6B-0.9B",Emerging,"Innovators",Low,"Very strong - nuclear safety regulations","Withstands 300°C higher operating temperatures than zirconium alloys; 1000x lower hydrogen generation during loss-of-coolant accidents; maintains mechanical integrity at 10x higher neutron fluence than conventional cladding; enables 30% longer fuel cycles with improved burnup efficiency","Enables accident-tolerant fuel designs that prevent hydrogen explosions in severe accidents; supports advanced reactor concepts with higher thermal efficiency; allows for higher power density cores with improved economics; enables new fuel compositions previously limited by cladding performance constraints"
Radiation-resistant electronics,Aerospace/Defense,SiC Rad-Hard Electronics,Silicon Carbide,SiC,390-460,330-390,3.1-3.2,120-170,"Radiation hardness, Wide bandgap, High temperature operation","ISO 14001, MIL-STD-883, ISO 9001, MIL-PRF-38535, ITAR, RoHS, NASA EEE-INST-002",37.0-41.0,29.5-33.5,42.0-46.0,44-49,0,75-80,"Cradle to Cradle, GreenStar","ISO 14001, MIL-STD-883, MIL-PRF-38535","EPD, RoHS, ITAR, NASA EEE-INST-002","Ion implantation, Epitaxial growth, Radiation hardening by design, Total dose testing",Very High,0.5μm-1.0μm,±0.1μm-±0.2μm,Yes,Yes,"Low - highly specialized","Design for single event upset immunity. Consider latchup protection and redundancy.","Single event burnout, Threshold voltage shifts, Charge trapping","14-18%","$1.0B-1.4B",Growing,"Early adopters",Medium,"Strong - space exploration initiatives","Withstands total ionizing doses 10x higher than silicon-based electronics; maintains functionality at temperatures 200°C higher than conventional rad-hard electronics; achieves 95% reduction in single event upset probability; enables 70% smaller device footprint for equivalent functionality","Enables long-duration deep space missions with dramatically reduced shielding requirements; supports autonomous operation in extreme radiation environments like nuclear facilities; allows for electronics placement in previously impossible locations within aerospace systems; enables new space exploration architectures with distributed electronics systems"
Thermal barriers,Industrial Equipment,SiC Thermal Barrier Coatings,Silicon Carbide,SiC,380-450,320-380,3.1-3.2,120-170,"Thermal insulation, Oxidation resistance, Thermal shock resistance","ISO 14001, ASTM C1161, ISO 9001, ASME BPVC, ISO 15366, RoHS",37.5-41.5,30.0-34.0,42.5-46.5,46-51,0,77-82,"Cradle to Cradle, GreenStar","ISO 14001, ASTM C1161, ISO 15366","EPD, RoHS, ASME BPVC","Plasma spray, CVD coating, Slurry deposition, Heat treatment",High,50μm-100μm,±10μm-±20μm,No,Yes,"Medium - limited suppliers","Design for thermal expansion mismatch with substrate. Consider coating thickness optimization for crack resistance.","Interfacial delamination, Through-thickness cracking, Oxidation penetration","9-12%","$1.5B-2.0B",Growing,"Early majority",Medium,"Strong - industrial energy efficiency standards","Reduces heat transfer by 40% compared to traditional ceramic coatings; extends component lifetime 3-5x in high-temperature corrosive environments; withstands 2x more thermal cycles before failure than zirconia-based coatings; enables 25% thinner coatings for equivalent thermal protection","Enables 15% higher operating temperatures in industrial furnaces and turbines; supports next-generation high-efficiency power generation with reduced cooling requirements; allows for process equipment designs with lower maintenance intervals; enables new manufacturing processes previously limited by material temperature constraints"
Electronic packaging,Electronics,AlSiC Electronic Packages,Aluminum Silicon Carbide,Al-SiC,340-360,300-320,2.9-3.0,170-190,"Tailorable CTE, High thermal conductivity, Hermeticity","ISO 14001, JEDEC JESD22, ISO 9001, MIL-STD-883, IPC-4101, RoHS, ASTM F1072",32.0-36.0,25.0-29.0,37.0-41.0,60-65,0,75-80,"Cradle to Cradle, GreenStar","ISO 14001, JEDEC JESD22, MIL-STD-883","EPD, RoHS, IPC-4101, ASTM F1072","Pressure infiltration, Net-shape forming, Precision machining, Plating, Hermeticity testing",High,0.2mm-0.5mm,±0.05mm-±0.1mm,No,Yes,"Medium - limited suppliers","Design for CTE matching with semiconductor die and PCB. Consider thermal path optimization for heat dissipation.","Porosity, Interfacial delamination, Plating adhesion issues","15-18%","$1.8B-2.3B",Growing,"Early majority",Medium,"Strong - electronics reliability standards","Provides precise CTE matching (6.5-12 ppm/K) to semiconductor materials vs. fixed values for metal packages; offers 3x better thermal conductivity than plastic packages with comparable weight; enables 40% weight reduction vs. Kovar packages with equivalent thermal performance; maintains hermeticity 10x longer than conventional packages in harsh environments","Enables high-reliability electronics for mission-critical aerospace and defense applications; supports next-generation power electronics with dramatically improved thermal management; allows for miniaturization of high-power density systems previously limited by thermal constraints; enables new packaging architectures with integrated thermal management and EMI shielding"
Heat sinks,Thermal Management,AlSiC Thermal Management,Aluminum Silicon Carbide,Al-SiC,340-360,300-320,2.9-3.0,170-190,"High thermal conductivity, Low density, Tailorable CTE","ISO 14001, ASTM E1461, ISO 9001, MIL-STD-810, RoHS, ASTM F1072",32.5-36.5,25.5-29.5,37.5-41.5,62-67,0,77-82,"Cradle to Cradle, GreenStar","ISO 14001, ASTM E1461, MIL-STD-810","EPD, RoHS, ASTM F1072","Pressure infiltration, Precision machining, Fin forming, Surface treatment, Thermal testing",Medium,0.5mm-1.0mm,±0.1mm-±0.2mm,No,Yes,"Medium - limited suppliers","Design for optimal fin geometry and spacing. Consider surface area maximization while maintaining structural integrity.","Porosity, Uneven SiC distribution, Surface oxidation","14-17%","$2.0B-2.5B",Growing,"Early majority",High,"Strong - energy efficiency regulations","Achieves 30% higher thermal conductivity-to-weight ratio than aluminum; enables 25% smaller heat sink volume for equivalent thermal performance; maintains dimensional stability at temperatures 150°C higher than aluminum heat sinks; provides 40% better thermal cycling reliability than copper heat sinks","Enables next-generation high-power density computing with passive cooling; supports miniaturization of power electronics with reduced cooling requirements; allows for reliable thermal management in mobile and aerospace applications with severe weight constraints; enables new thermal architectures with integrated vapor chambers and phase change materials"
Microwave housings,Telecommunications,AlSiC RF Housings,Aluminum Silicon Carbide,Al-SiC,340-360,300-320,2.9-3.0,170-190,"EMI shielding, Dimensional stability, Thermal management","ISO 14001, MIL-STD-461, ISO 9001, IEC 61000, RoHS, ASTM F1072",33.0-37.0,26.0-30.0,38.0-42.0,61-66,0,76-81,"Cradle to Cradle, GreenStar","ISO 14001, MIL-STD-461, IEC 61000","EPD, RoHS, ASTM F1072","Pressure infiltration, Precision machining, Surface plating, EMI testing",High,0.3mm-0.6mm,±0.05mm-±0.1mm,No,Yes,"Medium - limited suppliers","Design for EMI shielding effectiveness. Consider electrical continuity at joints and interfaces.","Plating defects, Dimensional instability, RF leakage at interfaces","12-15%","$1.2B-1.6B",Growing,"Early majority",Medium,"Moderate - telecommunications standards","Provides 20dB higher EMI shielding effectiveness than aluminum housings; maintains dimensional stability within ±5μm vs. ±25μm for aluminum at operating temperatures; reduces thermal gradients by 40% compared to conventional RF housings; enables 35% weight reduction vs. comparable EMI-shielded housings","Enables next-generation mmWave and sub-THz communications with precise dimensional control; supports miniaturization of 5G/6G base station components with integrated thermal management; allows for reliable operation in extreme temperature cycling environments; enables new RF architectures with reduced interference between closely packed components"
Power electronics substrates,Electronics,AlSiC Power Substrates,Aluminum Silicon Carbide,Al-SiC,340-360,300-320,2.9-3.0,170-190,"High thermal conductivity, CTE matching, Electrical isolation","ISO 14001, IEC 62477-1, ISO 9001, UL 746, RoHS, ASTM F1072",32.0-36.0,25.0-29.0,37.0-41.0,63-68,0,78-83,"Cradle to Cradle, GreenStar","ISO 14001, IEC 62477-1, UL 746","EPD, RoHS, ASTM F1072","Pressure infiltration, Precision machining, Metallization, Dielectric layer deposition, Power cycling testing",Very High,0.2mm-0.4mm,±0.05mm-±0.1mm,No,Yes,"Medium - limited suppliers","Design for power cycling reliability. Consider thermal resistance minimization in layer stack-up.","Metallization delamination, Thermal fatigue, Dielectric breakdown","18-22%","$2.2B-2.7B",Growing,"Early majority",High,"Strong - power electronics efficiency standards","Enables 50% higher power density than DBC ceramic substrates; withstands 10x more thermal cycles than conventional power substrates; reduces junction-to-case thermal resistance by 35% compared to alternatives; allows direct cooling integration impossible with ceramic substrates","Enables wide bandgap semiconductor deployment in high-reliability applications; supports next-generation electric vehicle power electronics with dramatically improved range; allows for aircraft electrification with reduced cooling system requirements; enables new power conversion architectures with integrated thermal management and reduced component count"
Lightweight aerospace structures,Aerospace,AlSiC Aerospace Components,Aluminum Silicon Carbide,Al-SiC,340-360,300-320,2.9-3.0,170-190,"Low density, High specific stiffness, Dimensional stability","ISO 14001, AS9100D, ISO 9001, RTCA DO-160, ASTM E2792, RoHS, ASTM F1072",33.5-37.5,26.5-30.5,38.5-42.5,64-69,0,79-84,"Cradle to Cradle, GreenStar","ISO 14001, AS9100D, RTCA DO-160","EPD, RoHS, ASTM E2792, ASTM F1072","Pressure infiltration, Precision machining, Non-destructive testing, Vibration testing",Very High,0.3mm-0.6mm,±0.05mm-±0.1mm,No,Yes,"Low - highly specialized","Design for weight optimization while maintaining stiffness. Consider vibration damping characteristics.","Residual stress warping, Interfacial defects, Fatigue crack initiation","10-13%","$0.9B-1.3B",Growing,"Early adopters",Low,"Strong - aircraft fuel efficiency regulations","Achieves 25% higher specific stiffness than titanium alloys; provides 40% better vibration damping than aluminum structures; maintains dimensional stability 5x better than composites during thermal cycling; enables 30% weight reduction vs. traditional aerospace metals with equivalent performance","Enables next-generation electric aircraft with critical weight savings; supports space vehicle structures with superior micrometeoroid impact resistance; allows for integrated thermal management in aerodynamic structures; enables new aerospace designs with reduced part count and assembly complexity"
Precision optical mounts,Optics/Photonics,AlSiC Optical Mounts,Aluminum Silicon Carbide,Al-SiC,340-360,300-320,2.9-3.0,170-190,"Dimensional stability, Low CTE, Vibration damping","ISO 14001, ISO 10110, ISO 9001, MIL-STD-810, RoHS, ASTM F1072",32.5-36.5,25.5-29.5,37.5-41.5,62-67,0,77-82,"Cradle to Cradle, GreenStar","ISO 14001, ISO 10110, MIL-STD-810","EPD, RoHS, ASTM F1072","Pressure infiltration, Precision machining, Surface finishing, Optical alignment testing",Very High,0.1mm-0.3mm,±0.01mm-±0.03mm,No,Yes,"Low - highly specialized","Design for thermal and mechanical stability. Consider surface flatness and parallelism requirements.","Dimensional instability, Surface irregularities, Mounting stress","11-14%","$0.7B-1.0B",Growing,"Early adopters",Medium,"Moderate - precision instrumentation standards","Maintains optical alignment to within 0.1 arcsecond vs. 1-2 arcseconds for aluminum mounts; provides 8x better thermal stability than conventional materials; reduces vibration-induced misalignment by 75% compared to metal alternatives; enables 40% lighter optical systems with equivalent performance","Enables next-generation space telescopes with unprecedented resolution; supports ground-based adaptive optics systems with nanometer-level stability; allows for portable high-precision laser systems previously impossible; enables new integrated photonic platforms with perfect alignment between components"
Satellite components,Space,AlSiC Space Hardware,Aluminum Silicon Carbide,Al-SiC,340-360,300-320,2.9-3.0,170-190,"Low density, Thermal stability, Radiation resistance","ISO 14001, NASA-STD-6016, ISO 9001, MIL-STD-1540, ASTM E2792, RoHS, ASTM F1072",34.0-38.0,27.0-31.0,39.0-43.0,65-70,0,80-85,"Cradle to Cradle, GreenStar","ISO 14001, NASA-STD-6016, MIL-STD-1540","EPD, RoHS, ASTM E2792, ASTM F1072","Pressure infiltration, Precision machining, Outgassing testing, Thermal vacuum cycling",Very High,0.2mm-0.5mm,±0.03mm-±0.08mm,No,Yes,"Low - highly specialized","Design for extreme thermal cycling in space environment. Consider outgassing and atomic oxygen resistance.","Microcracking, CTE mismatch stress, Surface degradation","12-15%","$0.5B-0.8B",Growing,"Early adopters",Low,"Strong - space qualification standards","50% mass reduction vs traditional metal alloys while maintaining thermal stability in extreme space environments; radiation resistance without secondary shielding; 40% longer service life in LEO/MEO orbits","Enables 30% more compact satellite designs; reduces launch costs by 15-20%; improves thermal management in space vacuum; extends mission lifetimes by 3-5 years; facilitates miniaturization of space-based systems"
High-power LED packages,Lighting,AlSiC-63 LED Substrates,Aluminum Silicon Carbide (63% SiC),Al-63SiC,380-400,340-360,3.0-3.1,190-210,"Maximum thermal conductivity, Minimal CTE, Long-term reliability","ISO 14001, IEC 62471, ISO 9001, JEDEC JESD51, Energy Star, RoHS, ASTM F1072",33.0-37.0,26.0-30.0,38.0-42.0,65-70,0,78-83,"Cradle to Cradle, GreenStar","ISO 14001, IEC 62471, JEDEC JESD51","EPD, RoHS, Energy Star, ASTM F1072","Pressure infiltration, Net-shape forming, Precision machining, Metallization, Thermal cycling testing",High,0.3mm-0.6mm,±0.05mm-±0.1mm,No,Yes,"Medium - limited suppliers","Design for maximum heat extraction from LED junction. Consider thermal path optimization and surface flatness for die attach.","Junction temperature spikes, Thermal interface degradation, CTE-induced stress","20-25%","$1.5B-2.0B",Growing,"Early majority",High,"Strong - energy efficiency standards","35% higher thermal conductivity than copper at 60% of the weight; 25% longer operational lifetime under high-power conditions; enables 15% higher lumen output without junction temperature increase; 30% reduction in thermal interface materials","Enables next-generation ultra-bright LED systems with 40% higher power density; reduces cooling system requirements by 25%; improves color stability and consistency in high-end lighting; extends LED lifetime by 20,000+ hours; supports miniaturization of high-performance lighting systems"
Automotive power modules,Automotive,AlSiC-50 Power Electronics,Aluminum Silicon Carbide (50% SiC),Al-50SiC,360-380,320-340,2.9-3.0,180-200,"Balanced thermal-mechanical properties, Reliability under vibration, Thermal cycling resistance","ISO 14001, ISO 26262, ISO 9001, AEC-Q100, IATF 16949, RoHS, ASTM F1072",32.5-36.5,25.5-29.5,37.5-41.5,62-67,0,77-82,"Cradle to Cradle, GreenStar","ISO 14001, ISO 26262, IATF 16949","EPD, RoHS, AEC-Q100, ASTM F1072","Pressure infiltration, Precision machining, Metallization, Power cycling testing, Vibration testing",Very High,0.2mm-0.4mm,±0.05mm-±0.1mm,No,Yes,"Medium - limited suppliers","Design for automotive qualification requirements. Consider thermal cycling reliability and vibration resistance.","Wire bond fatigue, Solder joint cracking, Thermal interface degradation","18-22%","$2.5B-3.0B",Growing,"Early majority",High,"Very strong - automotive electrification","3x longer power cycling lifetime than conventional materials; 45% better thermal cycling performance; enables 25% higher power density in EV/HEV applications; 30% reduction in thermal management complexity; AEC-Q100 qualified with superior reliability metrics","Enables 20% more efficient electric vehicle power systems; reduces cooling system size and weight by 25%; supports higher voltage (800V+) architectures; improves fast-charging capabilities by 30%; extends power electronics lifetime to match vehicle lifetime; critical enabler for next-gen SiC semiconductor implementation"
Machined structural components,Industrial,AlSiC-30 Structural Parts,Aluminum Silicon Carbide (30% SiC),Al-30SiC,320-340,280-300,2.8-2.9,160-180,"Enhanced machinability, Improved ductility, Cost-effectiveness","ISO 14001, ASTM E8, ISO 9001, ASTM B557, RoHS, ASTM F1072",31.5-35.5,24.5-28.5,36.5-40.5,60-65,0,75-80,"Cradle to Cradle, GreenStar","ISO 14001, ASTM E8, ASTM B557","EPD, RoHS, ASTM F1072","Pressure infiltration, CNC machining, Surface finishing, Mechanical testing",Medium,0.5mm-1.0mm,±0.1mm-±0.2mm,No,Yes,"Medium - limited suppliers","Design for machinability and post-processing. Consider tool wear and cutting parameters for optimal surface finish.","Tool wear, Surface roughness, Particle pullout","12-15%","$1.0B-1.4B",Growing,"Early majority",Medium,"Moderate - industrial efficiency standards","40% better machinability than higher-SiC variants while maintaining 70% of thermal performance; 25% lower production costs; enables complex geometries impossible with ceramic-rich compositions; 35% faster production cycles; compatible with standard CNC equipment","Enables cost-effective replacement of traditional metal components with 30% weight reduction; improves industrial equipment efficiency through targeted thermal management; reduces maintenance cycles by 40% in high-wear applications; provides stepping stone for industrial adoption of advanced MMCs"
Neutron shielding components,Nuclear,AlSiC-B4C Radiation Shields,Aluminum Silicon Carbide with Boron Carbide,Al-SiC-B4C,330-350,290-310,2.8-2.9,150-170,"Neutron absorption, Structural integrity, Thermal management","ISO 14001, ASTM E1019, ISO 9001, ASME BPVC Section III, NQA-1, RoHS, ASTM F1072",31.0-35.0,24.0-28.0,36.0-40.0,59-64,0,74-79,"Cradle to Cradle, GreenStar","ISO 14001, ASTM E1019, ASME BPVC Section III","EPD, RoHS, NQA-1, ASTM F1072","Pressure infiltration, Precision machining, Non-destructive testing, Neutron attenuation testing",Very High,0.3mm-0.6mm,±0.05mm-±0.1mm,No,Yes,"Low - highly specialized","Design for maximum neutron capture efficiency. Consider radiation damage resistance and structural integrity under irradiation.","Radiation-induced swelling, Helium generation, Transmutation effects","10-13%","$0.4B-0.7B",Emerging,"Early adopters",Low,"Very strong - nuclear safety regulations","60% higher neutron absorption efficiency than conventional materials; dual-function structural and shielding capabilities eliminate need for separate components; 45% longer service life in high-radiation environments; 30% reduction in secondary activation; ASME BPVC Section III qualified","Enables 25% more compact nuclear system designs; improves safety margins by 40% through multi-layered protection; reduces nuclear waste volume by 35% at end-of-life; supports next-generation small modular reactor designs; critical for advanced fusion containment systems"
High-performance computing coolers,Computing,AlSiC-Diamond Thermal Solutions,Aluminum Silicon Carbide with Diamond Particles,Al-SiC-C,370-390,330-350,3.0-3.1,200-220,"Ultra-high thermal conductivity, Precise CTE matching, Premium cooling","ISO 14001, JEDEC JESD51, ISO 9001, ASTM E1461, RoHS, ASTM F1072",33.5-37.5,26.5-30.5,38.5-42.5,64-69,0,79-84,"Cradle to Cradle, GreenStar","ISO 14001, JEDEC JESD51, ASTM E1461","EPD, RoHS, ASTM F1072","Pressure infiltration, Diamond particle dispersion, Precision machining, Thermal conductivity testing",Very High,0.2mm-0.4mm,±0.03mm-±0.08mm,No,Yes,"Low - highly specialized","Design for maximum thermal conductivity paths. Consider diamond particle distribution and interface optimization.","Diamond-matrix debonding, Thermal boundary resistance, Cost-performance optimization","25-30%","$0.3B-0.6B",Emerging,"Innovators",Low,"Moderate - high-performance computing standards","70% higher thermal conductivity than pure copper; diamond particle integration creates unmatched heat spreading capability; enables 50% higher computing power density; precise CTE matching to silicon eliminates interface stress; outperforms all competing thermal management materials","Critical enabler for next-generation high-performance computing architectures; reduces data center cooling energy requirements by 35%; enables 3D chip stacking with effective thermal management; supports AI accelerator thermal requirements; extends hardware lifespan by maintaining lower operating temperatures"
5G/6G base station thermal frames,Telecommunications,AlSiC-Graphene RF Components,Aluminum Silicon Carbide with Graphene,Al-SiC-Gr,355-375,315-335,2.9-3.0,185-205,"Enhanced interface conductance, EMI shielding, Thermal stability","ISO 14001, IEC 62368, ISO 9001, ITU-T K.20, FCC Part 15, ETSI EN 300, RoHS, ASTM F1072",32.0-36.0,25.0-29.0,37.0-41.0,63-68,0,78-83,"Cradle to Cradle, GreenStar","ISO 14001, IEC 62368, ITU-T K.20","EPD, RoHS, FCC Part 15, ETSI EN 300, ASTM F1072","Pressure infiltration, Graphene functionalization, Precision machining, RF testing, Thermal testing",Very High,0.2mm-0.5mm,±0.04mm-±0.09mm,No,Yes,"Low - highly specialized","Design for RF transparency and thermal management. Consider graphene interface engineering for optimal thermal boundary conductance.","Graphene agglomeration, Interface degradation, RF performance impact","22-27%","$0.8B-1.2B",Emerging,"Early adopters",Medium,"Strong - telecommunications standards","55% better EMI shielding than conventional materials; graphene functionalization reduces thermal boundary resistance by 40%; dual thermal-EMI performance eliminates need for separate components; 30% higher thermal conductivity at interfaces; enables 25% more compact designs; meets all ITU-T K.20 and FCC Part 15 requirements","Critical enabler for mmWave 5G and emerging 6G infrastructure; reduces base station energy consumption by 30%; enables higher power density RF components; supports higher data transmission rates through improved thermal management; extends equipment lifetime in outdoor environments; facilitates network densification through smaller form factors"
Hermetic electronic enclosures,Defense/Aerospace,AlSiC-Si Hermetic Packages,Silicon-Infiltrated Aluminum Silicon Carbide,Al-SiC-Si,350-370,310-330,2.9-3.0,175-195,"Enhanced hermeticity, Leak-tight sealing, Thermal cycling reliability","ISO 14001, MIL-STD-883, ISO 9001, MIL-PRF-38534, ITAR, RoHS, ASTM F1072",32.5-36.5,25.5-29.5,37.5-41.5,61-66,0,76-81,"Cradle to Cradle, GreenStar","ISO 14001, MIL-STD-883, MIL-PRF-38534","EPD, RoHS, ITAR, ASTM F1072","Pressure infiltration, Silicon infiltration, Precision machining, Hermeticity testing, Thermal cycling",Very High,0.2mm-0.4mm,±0.05mm-±0.1mm,No,Yes,"Low - highly specialized","Design for hermeticity and leak-tight sealing. Consider silicon infiltration parameters for optimal pore filling.","Leak path formation, Silicon segregation, Interfacial microcracking","15-18%","$1.1B-1.5B",Growing,"Early adopters",Medium,"Strong - defense electronics standards","5x better hermeticity than traditional metal packages; silicon infiltration creates near-zero porosity; 3x longer thermal cycling lifetime in extreme environments; 50% better resistance to thermal shock; fully MIL-STD-883 qualified with superior reliability metrics; enables direct die-attach with minimal TIM","Enables 40% smaller form factor for mission-critical defense electronics; improves reliability in extreme battlefield conditions; extends operational lifetime by 7+ years in harsh environments; reduces failure rates by 65% in high-vibration applications; critical for next-generation secure communications and electronic warfare systems"
Laser cutting machine components,Manufacturing,AlSiC-40 Industrial Components,Aluminum Silicon Carbide (40% SiC),Al-40SiC,340-360,300-320,2.9-3.0,170-190,"Standard grade properties, Cost-effective performance, Industrial durability","ISO 14001, ISO 13849, ISO 9001, CE Machinery Directive, RoHS, ASTM F1072",32.0-36.0,25.0-29.0,37.0-41.0,60-65,0,75-80,"Cradle to Cradle, GreenStar","ISO 14001, ISO 13849, CE Machinery Directive","EPD, RoHS, ASTM F1072","Pressure infiltration, Precision machining, Surface treatment, Dimensional inspection",Medium,0.3mm-0.6mm,±0.05mm-±0.1mm,No,Yes,"Medium - limited suppliers","Design for industrial environment durability. Consider thermal stability under laser proximity and mechanical vibration resistance.","Thermal fatigue, Dimensional instability, Surface degradation","14-17%","$1.3B-1.7B",Growing,"Early majority",Medium,"Moderate - industrial equipment standards","45% longer component lifespan than traditional materials in high-heat industrial environments; optimal balance of machinability and thermal performance; 30% reduction in thermal distortion during laser operation; 25% improved dimensional stability; fully CE Machinery Directive compliant with enhanced safety margins","Enables 20% higher laser power operation without component degradation; reduces machine downtime by 35% through extended maintenance intervals; improves cutting precision by 15% through enhanced thermal stability; reduces total cost of ownership by 25% over 5-year service life; supports Industry 4.0 integration through improved sensor mounting capabilities"
Neural-electronic interface implants,Biomedical/Neurotechnology,SiC Neural Interface,Silicon Carbide (Biocompatible Grade),SiC,420-490,360-420,3.15-3.25,110-150,"Biocompatibility, Semiconductor properties, Chemical inertness, Long-term stability","ISO 14001, ISO 13485, ISO 10993, ISO 9001, FDA 21 CFR 820, IEC 60601, ASTM F2129, CE (MDR)",36.5-40.5,29.0-33.0,41.5-45.5,45-50,0,78-83,"Cradle to Cradle, GreenStar","ISO 14001, ISO 13485, FDA 21 CFR 820, IEC 60601","EPD, ISO 10993, CE (MDR), ASTM F2129","Ultra-high purity synthesis, Epitaxial growth, Nanolithography, Bioactive surface functionalization, Hermetic packaging, Sterilization validation",Very High,50nm-100nm,±10nm-±20nm,Yes,Yes,"Experimental","Design for simultaneous neural signal recording and stimulation. Consider long-term biocompatibility and minimal foreign body response. Optimize semiconductor-biological interface for stable charge transfer without tissue damage.","Biofouling, Signal drift, Tissue inflammation, Encapsulation failure","40-45%","$0.3B-0.6B",Emerging,"Innovators",Low,"Very strong - neurotechnology regulations and medical device safety","10x longer in-vivo stability than competing materials; unique semiconductor-biocompatible dual functionality; 80% reduction in foreign body response compared to silicon implants; unprecedented signal-to-noise ratio for neural recordings; enables both recording and stimulation with the same material; fully ISO 10993 and FDA 21 CFR 820 compliant","Enables breakthrough brain-computer interfaces with 5x higher bandwidth; reduces neural implant failures by 75%; supports next-generation neuroprosthetics with natural sensory feedback; critical for treating previously untreatable neurological conditions; potential to revolutionize human-machine interfaces for assistive technologies; foundational technology for emerging neurorights frameworks"
Quantum sensing for geophysical exploration,Energy/Resource Exploration,AlSiC-Diamond Quantum Sensors,Aluminum Silicon Carbide with Quantum-Optimized Diamond,Al-SiC-QD,370-390,330-350,3.0-3.1,200-220,"Quantum coherence, Extreme environment stability, Precise CTE control, Thermal management","ISO 14001, ASTM E1461, ISO 9001, API RP 67, ASME BPVC, NIST QIP, ATEX Directive",34.0-38.0,27.0-31.0,39.0-43.0,58-63,0,72-77,"Cradle to Cradle, GreenStar","ISO 14001, ASTM E1461, API RP 67","EPD, NIST QIP, ATEX Directive, ASME BPVC","Diamond NV center creation, Pressure infiltration, Quantum state optimization, Precision machining, Cryogenic testing, Field calibration",Very High,5nm-10nm,±1nm-±2nm,Yes,Yes,"Experimental","Design for quantum coherence preservation in high-temperature, high-pressure environments. Consider magnetic shielding and vibration isolation. Optimize for gravitational field sensitivity while maintaining mechanical robustness.","Quantum decoherence, Diamond-matrix interface defects, Thermal stress-induced misalignment","35-40%","$0.2B-0.4B",Emerging,"Innovators",Low,"Strong - resource exploration efficiency and environmental protection","100x higher sensitivity than conventional gravitational sensors; maintains quantum coherence in extreme downhole environments (200°C, 2000 bar); enables quantum sensing without cryogenic cooling; 50% longer coherence times than competing room-temperature quantum sensors; first material system to meet both API RP 67 and NIST QIP standards","Revolutionizes subsurface resource mapping with 80% higher resolution; reduces exploratory drilling requirements by 65%; enables identification of previously undetectable resources; dramatically lowers environmental impact of resource exploration; critical for transition to geothermal energy and carbon sequestration; supports sustainable resource management through precision mapping"
Off-grid water generation in arid environments,Environmental/Humanitarian,SiC Atmospheric Water Harvesting,Hierarchical Silicon Carbide,h-SiC,400-470,340-400,2.8-3.0,100-140,"Multi-scale porosity, Surface chemistry control, Thermal cycling stability, Solar absorption","ISO 14001, NSF/ANSI 61, ISO 9001, WHO Drinking Water Guidelines, ISO 14046, ASTM E2456, RoHS",32.0-36.0,25.0-29.0,37.0-41.0,65-70,0,85-90,"Cradle to Cradle, GreenStar","ISO 14001, NSF/ANSI 61, ISO 14046","EPD, RoHS, WHO Drinking Water Guidelines, ASTM E2456","Templated synthesis, Multi-scale pore engineering, Surface functionalization, Hydrophilic/hydrophobic patterning, Assembly, Water quality testing",High,10nm-1mm (hierarchical),±5nm-±0.1mm (scale-dependent),Yes,Yes,"Experimental","Design for passive day-night water capture cycle. Consider solar energy utilization for condensation-evaporation cycles. Optimize pore structure for maximum water capture and minimal energy input. Ensure water quality meets potability standards.","Pore clogging, Biofouling, Efficiency degradation in extreme conditions, Mineral scaling","38-42%","$0.4B-0.8B",Emerging,"Innovators",Low,"Very strong - water scarcity solutions and climate adaptation","3x higher water harvesting efficiency than competing materials in ultra-low humidity (5-15%); completely passive operation with zero energy input; 20-year service life without performance degradation; hierarchical structure enables unprecedented water capture rates; inherent antimicrobial properties prevent contamination; fully NSF/ANSI 61 and WHO compliant","Enables sustainable water access in the world's most water-stressed regions; provides 5-10 liters of clean drinking water per day per square meter in arid environments; reduces water insecurity for 2+ billion people; eliminates energy requirements for water access in remote locations; critical climate adaptation technology for expanding global drylands; supports UN Sustainable Development Goal 6"
Ultra-safe energy storage systems,Energy Storage/Transportation,AlSiC-Graphene Thermal Runaway Prevention,Aluminum Silicon Carbide with Graphene,Al-SiC-Gr+,360-380,320-340,2.9-3.0,190-210,"Smart thermal management, Real-time monitoring capability, Thermal conductivity anisotropy, Fire resistance","ISO 14001, IEC 62619, ISO 9001, UL 9540A, SAE J2929, NFPA 855, RoHS, ASTM F1072",31.0-35.0,24.0-28.0,36.0-40.0,64-69,0,80-85,"Cradle to Cradle, GreenStar","ISO 14001, IEC 62619, UL 9540A","EPD, RoHS, SAE J2929, NFPA 855, ASTM F1072","Pressure infiltration, Graphene functionalization, Thermal sensor integration, Precision machining, Thermal runaway simulation testing, Safety validation",Very High,0.1mm-0.3mm,±0.02mm-±0.05mm,Yes,Yes,"Low - highly specialized","Design for early thermal runaway detection and intervention. Consider heat flux pathways for rapid thermal energy dissipation. Optimize for integration with battery management systems. Ensure fail-safe operation under all conditions.","Sensor calibration drift, Thermal interface degradation, System integration challenges, False positive triggers","32-36%","$1.5B-2.0B",Emerging,"Early adopters",Medium,"Very strong - battery safety regulations and transportation electrification","Prevents thermal runaway propagation with 99.8% effectiveness; integrated sensor network enables 300% faster thermal event detection; directs heat flux 8x more efficiently than conventional materials; withstands direct flame exposure at 1200°C without structural failure; first material system to exceed all UL 9540A, SAE J2929, and NFPA 855 requirements","Transforms EV battery safety with 95% reduction in catastrophic thermal events; enables 40% higher energy density battery packs through improved thermal management; critical for next-generation solid-state battery implementation; reduces insurance costs for energy storage installations by 60%; essential for urban battery deployment and grid-scale energy storage; supports global electrification initiatives through enhanced safety perception"