Use-case,Industry,Commercial name,Chemical Name,Chemical Formula,Tensile Strength (MPa),Yield Strength (MPa),Density (g/cm³),Thermal Conductivity (W/m·K),Property Overlap,certifications,lca_carbon_footprint,lca_water_usage,lca_energy,recycled_content,renewable_content,supply_chain_transparency,cert_tier1,cert_tier2,cert_tier3,manufacturing_processes,manufacturing_complexity,min_feature_size,achievable_tolerance,anisotropy_concern,specialized_equipment_needed,process_maturity,design_considerations,typical_defects,market_growth_rate,market_size_usd,market_maturity,adoption_curve_position,competitive_intensity,regulatory_tailwinds
Infrared optical lenses,Photonics,High-purity Ge Optics,Germanium,Ge,93–97,48–52,5.320–5.325,58.5–62.0,"High infrared transmissivity, Anti-reflection coating compatibility, High refractive index, Thermal imaging applications","ISO 14001, REACH, RoHS, SEMI C3, ISO 9001, IATF 16949, IEC 62471",40.5–45.0,33.2–37.5,45.3–49.5,50–55,0,73–78,"Cradle to Cradle, GreenStar","ISO 14001, SEMI C3, IATF 16949","EPD, RoHS, GreenGuard","Diamond turning, CNC grinding, Polishing, Ion beam figuring, Single-point diamond machining",High,45–55nm,±0.4μm–±0.6μm,No,Yes,"High - widely available","Requires anti-reflection coating for optimal performance. Thermal compensation design needed due to high thermal expansion coefficient.","Surface scratches, Subsurface damage, Coating defects","12-15%","$3.2B-4.1B",Growing,"Early majority",Medium,"Favorable - increased IR imaging regulations"
Radiation detectors,Nuclear/Medical,HPGe Detector,High-Purity Germanium,Ge,90–94,46–50,5.31–5.33,57.5–60.0,"Semiconductor properties, High atomic number, Excellent charge carrier mobility, Radiation detection efficiency","ISO 14001, REACH, IEEE 1680.1, IEC 62474, ISO 13485, RoHS, ANSI N42.14, IEC 60601",42.0–44.5,35.8–38.0,47.0–50.0,48–52,0,70–75,"Cradle to Cradle, GreenStar","ISO 14001, IEEE 1680.1, ISO 13485","EPD, RoHS, IEC 60601, ANSI N42.14","Crystal growing, Zone refining, Lithography, Cryogenic processing, Clean room fabrication",Very High,0.08μm–0.12μm,±0.15μm–±0.25μm,Yes,Yes,"Medium - limited suppliers","Requires cooling to liquid nitrogen temperatures (77K) for operation. Encapsulation must prevent moisture contamination.","Crystal defects, Impurity contamination, Detector polarization","8-10%","$1.5B-1.8B",Mature,"Late majority",Low,"Strong - security and healthcare regulations"
Night vision devices,Defense/Security,Ge IR Windows,Germanium,Ge,93–97,48–52,5.320–5.325,58.5–62.0,"High infrared transmissivity, Low absorption in 8-14μm range, Mechanical durability","ISO 14001, MIL-PRF-38534, SEMI C3, ITAR, AS9100D, MIL-STD-810, ISO 9001",43.0–46.0,36.5–39.0,48.0–51.0,46–50,0,68–73,"Cradle to Cradle, GreenStar","ISO 14001, MIL-PRF-38534, AS9100D","DFARS, RoHS, ITAR, MIL-STD-810","Diamond turning, Chemical mechanical polishing, Anti-reflection coating, Optical coating",High,0.18μm–0.22μm,±0.8μm–±1.2μm,No,Yes,"High - widely available","Design for rugged field conditions. Account for temperature sensitivity with protective housings.","Coating delamination, Edge chips, Surface contamination","6-8%","$2.8B-3.5B",Mature,"Mainstream",Medium,"Very strong - defense procurement policies"
Infrared spectroscopy components,Scientific Instruments,Spectroscopic Grade Ge,Germanium,Ge,91–95,47–51,5.30–5.34,58.0–61.5,"High infrared transmissivity, Wide spectral bandwidth, Chemical stability","ISO 14001, REACH, RoHS, ISO 9001, ASTM E1252, ISO/IEC 17025, IEC 61010",39.5–42.5,32.0–34.5,43.5–46.0,54–58,0,78–82,"Cradle to Cradle, GreenStar","ISO 14001, RoHS, ISO/IEC 17025","EPD, ASTM E1252, IEC 61010","Precision grinding, Multi-stage polishing, Annealing, Ultra-clean processing",High,0.25μm–0.35μm,±0.7μm–±0.9μm,No,Yes,"High - widely available","Optimize aperture and thickness for specific wavelength ranges. Maintain cleanliness to prevent hydrocarbon contamination.","Surface oxidation, Internal strain, Spectral interference","4-6%","$850M-1.2B",Mature,"Late majority",Medium,"Moderate - research and quality standards"
Solar cell concentrators,Renewable Energy,Ge Photovoltaic Substrate,Germanium,Ge,92–96,47–51,5.30–5.34,58.5–61.5,"High refractive index, Suitable bandgap, Lattice matching to III-V compounds","ISO 14001, REACH, IEC 61215, IEC 61730, UL 1703, ISO 9001, TSCA",38.5–41.0,31.0–34.0,42.0–45.0,56–60,0,80–85,"Cradle to Cradle, GreenStar","ISO 14001, IEC 61215, UL 1703","EPD, REACH, IEC 61730, TSCA","Czochralski crystal growth, Wafer cutting, Epitaxial growth, Metallization, Wafer cleaning",Very High,0.04μm–0.06μm,±0.08μm–±0.12μm,Yes,Yes,"Medium - limited suppliers","Design for minimal recombination losses. Engineer optimal substrate thickness for mechanical support without excess material usage.","Dislocations, Twinning, Stacking faults","18-22%","$1.2B-1.5B",Growing,"Early adopters",Medium,"Strong - renewable energy incentives"
Fiber optic communication systems,Telecommunications,Ge-doped Silica Fiber,Germanium-doped Silica,GeO2-SiO2,50-70,25-35,2.2-2.6,1.3-1.5,"Refractive index modulation, Low optical loss, UV photosensitivity","ISO 14001, IEC 60793, Telcordia GR-20, ITU-T G.652, ISO 9001, TIA-568, RoHS",35.5–38.0,28.5–31.0,39.0–42.0,60–64,0,83–87,"Cradle to Cradle, GreenStar","ISO 14001, IEC 60793, ITU-T G.652","EPD, RoHS, TIA-568, Telcordia GR-20","MCVD fiber preform fabrication, Fiber drawing, Coating, Proof testing",High,120μm–130μm,±0.4μm–±0.6μm,No,Yes,"High - widely available","Design for minimum bend radius limitations. Optimize dopant concentration profile for desired numerical aperture.","Microbending losses, Hydrogen sensitivity, Radiation-induced attenuation","10-12%","$5.7B-6.3B",Growing,"Mainstream",High,"Favorable - broadband infrastructure initiatives"
Thermal imaging cameras,Consumer Electronics,Ge Lens Arrays,Germanium,Ge,93–97,48–52,5.320–5.325,58.5–62.0,"High infrared transmissivity, Temperature stability, Optical precision","ISO 14001, REACH, RoHS, IEC 62474, UL 94, ISO 9001, CE, FCC",40.5–43.0,33.5–36.0,45.0–48.0,52–56,0,74–78,"Cradle to Cradle, GreenStar","ISO 14001, IEC 62474, CE","EPD, RoHS, UL 94, FCC","Single point diamond turning, Precision molding, Optical coating, Assembly",High,0.8μm–1.2μm,±1.3μm–±1.7μm,No,Yes,"Medium - limited suppliers","Design for thermal compensation. Optimize lens array configuration for specific detector requirements.","Thermally-induced wavefront errors, Coating non-uniformity, Dimensional instability","15-18%","$2.5B-3.0B",Growing,"Early majority",High,"Moderate - privacy and surveillance regulations"
Spintronics devices,Electronics,Ge Spintronic Materials,Germanium,Ge,92–96,47–51,5.30–5.34,58.5–61.5,"Spin-orbit coupling, Long spin coherence, Compatibility with silicon processing","ISO 14001, REACH, SEMI C3, IEC 62474, ISO 9001, JEDEC JESD22, RoHS",44.0–46.5,36.5–38.5,49.5–52.0,43–47,0,68–72,"Cradle to Cradle, GreenStar","ISO 14001, SEMI C3, JEDEC JESD22","RoHS, IEC 62474, REACH","MBE growth, Ion implantation, Lithography, Annealing, Plasma etching",Very High,8nm–12nm,±4nm–±6nm,Yes,Yes,"Low - emerging technology","Design for quantum confinement effects. Consider strain engineering to enhance spin properties.","Interface states, Spin relaxation, Doping non-uniformity","20-25%","$450M-600M","Emerging","Early adopters","Low","Moderate - research funding initiatives"
Transistors for quantum computing,Computing,Ge Quantum Well,Germanium,Ge,91–95,47–51,5.30–5.34,58.0–61.0,"High carrier mobility, Low contact resistance, Quantum confinement potential","ISO 14001, REACH, SEMI C3, IEC 62474, ISO 9001, JEDEC JEP30, IEC TS 62979",44.5–47.0,37.0–39.5,50.0–53.0,42–46,0,67–71,"Cradle to Cradle, GreenStar","ISO 14001, SEMI C3, IEC TS 62979","EPD, RoHS, JEDEC JEP30, REACH","UHV deposition, Atomic layer deposition, E-beam lithography, Cryogenic testing",Very High,4nm–6nm,±1.5nm–±2.5nm,Yes,Yes,"Low - emerging technology","Design for cryogenic operation. Incorporate isolating structures to mitigate decoherence.","Tunnel leakage, Interfacial defects, Gate oxide breakdown","28-32%","$380M-520M","Emerging","Innovators","Low","Strong - quantum computing initiatives"
X-ray monochromator crystals,Medical Imaging,High-resolution Ge Crystal,Germanium,Ge,93–97,48–52,5.320–5.325,58.5–62.0,"High X-ray diffraction efficiency, Thermal stability, High crystal perfection","ISO 14001, REACH, ISO 13485, ASTM F1892, IEC 62563-1, ISO 9001, FDA 21 CFR",41.0–44.0,34.5–37.0,46.5–49.5,50–54,0,72–76,"Cradle to Cradle, GreenStar","ISO 14001, ISO 13485, FDA 21 CFR","EPD, RoHS, ASTM F1892, IEC 62563-1","Float zone crystal growth, Precision cutting, Chemical etching, X-ray orientation, Ultra-precision polishing",Very High,0.008μm–0.012μm,±0.04μm–±0.06μm,Yes,Yes,"Medium - limited suppliers","Design for minimal lattice strain. Consider thermal management to maintain dimensional stability during X-ray exposure.","Mosaic spread, Stacking faults, Interstitial impurities","7-9%","$780M-950M","Mature","Late majority","Medium","Strong - medical imaging regulations"
Neural interface sensors,Biomedical,Ge Neural Probe,Germanium,Ge,92–96,47–51,5.30–5.34,58.5–61.0,"Biocompatibility, Electrical conductivity, Infrared neural monitoring","ISO 14001, ISO 13485, IEC 60601, FDA 21 CFR 820, ISO 10993, CE (MDD), AAMI TIR",37.0–40.0,30.0–32.5,41.5–44.0,58–62,0,82–86,"Cradle to Cradle, GreenStar","ISO 13485, ISO 14001, FDA 21 CFR 820","EPD, MDR, ISO 10993, CE (MDD)","Photolithography, Deep reactive ion etching, Plasma-enhanced CVD, Biocompatible coating",Very High,180nm–220nm,±40nm–±60nm,No,Yes,"Low - emerging technology","Design for minimal tissue response. Consider neural signal-to-noise optimization and long-term stability in physiological environment.","Biofilm formation, Electrode degradation, Encapsulation failure","35-40%","$280M-350M","Emerging","Innovators","Low","Strong - neurotechnology regulation initiatives"
6G THz waveguides,Telecommunications,Ge-on-Si THz Components,Germanium on Silicon,Ge/Si,94–98,49–53,5.31–5.35,59.5–62.5,"Low THz absorption, High refractive index, Silicon process compatibility","ISO 14001, REACH, SEMI C3, ITU-T L.1023, TL 9000, IEC 62368, IEEE 802",38.0–41.0,31.0–33.5,42.0–45.0,57–61,0,81–85,"Cradle to Cradle, GreenStar","ISO 14001, ITU-T L.1023, TL 9000","EPD, RoHS, IEC 62368, IEEE 802","CVD epitaxial growth, Nanoimprint lithography, Plasma etching, Chip-scale packaging",Very High,90nm–110nm,±20nm–±30nm,Yes,Yes,"Low - emerging technology","Design for minimal waveguide loss. Consider cross-talk mitigation strategies and thermal stability in densely integrated systems.","Mode conversion loss, Material interface defects, Film delamination","42-48%","$150M-250M","Emerging","Innovators","Low","Very strong - next-gen communications standards"
Aerospace heat sensors,Aerospace,Ge Thermopile Arrays,Germanium,Ge,93–97,48–52,5.320–5.325,58.5–62.0,"High thermal conductivity, Infrared sensitivity, Radiation hardness","ISO 14001, AS9100D, MIL-STD-883, DO-160, RTCA/DO-254, ITAR, NASA-STD-8739",36.5–39.0,29.5–31.5,40.5–43.0,59–63,0,84–88,"Cradle to Cradle, GreenStar","ISO 14001, AS9100D, DO-160","EPD, DFARS, MIL-STD-883, NASA-STD-8739","MEMS processing, Vacuum packaging, Radiation hardening treatment, Hermetic sealing",High,450nm–550nm,±90nm–±110nm,No,Yes,"Medium - limited suppliers","Design for extreme temperature operation (-200°C to 400°C). Include radiation shielding and redundant sensing elements for mission-critical applications.","Thermal stress fractures, Vacuum seal failure, Oxidation at extreme temperatures","8-10%","$420M-550M","Mature","Late majority","Medium","Strong - aerospace safety regulations"
Quantum photonic circuits,Quantum Technology,Ge Quantum Photonics,Germanium,Ge,91–95,47–51,5.30–5.34,58.0–61.0,"Single-photon emission, On-chip integration, Low-loss optical guiding","ISO 14001, REACH, IEC TS 62853, ISO 9001, SEMI S2, IEEE 1906.1, IEC 62909",45.0–47.5,37.5–40.0,51.0–53.5,41–45,0,66–70,"Cradle to Cradle, GreenStar","ISO 14001, IEC TS 62853, IEEE 1906.1","EPD, RoHS, IEC 62909, SEMI S2","Molecular beam epitaxy, Electron beam lithography, Reactive ion etching, Low-temperature processing",Very High,4nm–6nm,±0.8nm–±1.2nm,Yes,Yes,"Low - emerging technology","Design for quantum coherence preservation. Consider cryogenic thermal expansion matching and electromagnetic interference shielding.","Photon loss, Quantum decoherence, Non-radiative recombination","30-35%","$120M-180M","Emerging","Innovators","Low","Strong - quantum technology initiatives"
Holographic AR displays,Consumer Electronics,Ge-based Holographic Materials,Germanium-doped Photopolymers,Ge-polymer,40-60,20-30,1.8-2.2,0.8-1.2,"Volume hologram recording, High diffraction efficiency, Wide viewing angle","ISO 14001, RoHS, IEC 62471, ISO 9001, IEC 60825, UL 8400, IEEE 2048",35.0–37.5,28.0–30.5,38.5–41.5,61–65,0,85–89,"Cradle to Cradle, GreenStar","ISO 14001, RoHS, IEC 62471","UL 8400, IEEE 2048, IEC 60825","Nano-composite formulation, Spin coating, Holographic exposure, Photopolymer curing",High,180nm–220nm,±65nm–±85nm,No,Yes,"Medium - limited suppliers","Design for eye-safety and color accuracy. Optimize for minimal chromatic aberration across visible spectrum.","Shrinkage, Angular selectivity limitations, Photopolymer aging","22-25%","$3.8B-4.5B","Growing","Early majority","High","Moderate - consumer electronics standards"
Self-healing electronic skins,Wearable Technology,Ge-Elastomer Composite,Germanium-Elastomer,Ge-PDMS,15-25,8-15,1.5-1.8,2.0-3.5,"Stretchability, Electrical conductivity under strain, Self-healing properties","ISO 14001, ISO 10993, REACH, OEKO-TEX, IEC 62368, FDA 21 CFR, ASTM F2892",34.0–36.5,27.5–29.5,38.0–40.5,62–66,4–6,86–90,"Cradle to Cradle, GreenStar","ISO 14001, ISO 10993, OEKO-TEX","EPD, RoHS, IEC 62368, ASTM F2892","Nanoparticle synthesis, Dynamic covalent chemistry, Screen printing, Microfluidic integration",High,4μm–6μm,±1.8μm–±2.2μm,No,Yes,"Low - emerging technology","Design for repeated mechanical deformation (>1000 cycles). Consider skin-compatible interfaces and moisture barrier properties.","Conductivity degradation, Incomplete healing, Environmental aging","32-38%","$180M-250M","Emerging","Innovators","Low","Moderate - wearable device regulations"
Robotic vision systems,Autonomous Systems,Ge Multi-spectrum Sensor,Germanium,Ge,93–97,48–52,5.320–5.325,58.5–62.0,"Multi-spectral imaging, Low-light sensitivity, Compute-in-sensor capabilities","ISO 14001, RoHS, ISO/PAS 21448, ISO 9001, IEC 62471, ISO/IEC TR 24028, UL 4600",39.5–41.5,32.0–34.5,43.0–45.5,55–59,0,79–83,"Cradle to Cradle, GreenStar","ISO 14001, ISO/PAS 21448, UL 4600","EPD, RoHS, IEC 62471, ISO/IEC TR 24028","CMOS-compatible processing, 3D integration, Wafer-level packaging, Edge compute integration",Very High,330nm–370nm,±75nm–±85nm,Yes,Yes,"Medium - limited suppliers","Design for operation in varied lighting conditions. Consider energy-efficient processing algorithms and safety-critical redundancy.","Dark current noise, Pixel non-uniformity, Spectral crosstalk","18-22%","$1.2B-1.8B","Growing","Early majority","Medium","Strong - autonomous systems regulations"
Low-energy neuromorphic chips,Computing,Ge Memristive Devices,Germanium Oxide,GeO2,45-55,25-30,3.6-4.0,1.5-2.5,"Non-volatile memory, Analog computing, Bio-inspired signal processing","ISO 14001, REACH, IEC 62474, ISO 9001, JEDEC JESD22, ANSI/ESD S20.20, IEC 62902",36.0–38.5,29.0–31.5,40.0–42.5,60–64,0,83–87,"Cradle to Cradle, GreenStar","ISO 14001, IEC 62474, JEDEC JESD22","EPD, RoHS, ANSI/ESD S20.20, IEC 62902","Atomic layer deposition, Reactive sputtering, Nanoscale patterning, Neuromorphic circuit integration",Very High,2.5nm–3.5nm,±0.8nm–±1.2nm,Yes,Yes,"Low - emerging technology","Design for stochastic computing algorithms. Consider variability-aware training protocols and low-power operation modes.","Resistance drift, Switching variability, Filament instability","25-30%","$320M-450M","Emerging","Early adopters","Medium","Strong - energy efficiency mandates"
Space-based laser communications,Space Technology,Ge APD Receivers,Germanium Avalanche Photodiode,Ge,92–96,47–51,5.30–5.34,58.5–61.5,"High quantum efficiency, Fast response time, Radiation tolerance","ISO 14001, REACH, NASA EEE-INST-002, ISO 9001, MIL-PRF-38534, ECSS-Q-ST-60, SAE AS5553",40.0–42.5,32.5–35.0,44.0–46.5,54–58,0,77–81,"Cradle to Cradle, GreenStar","ISO 14001, NASA EEE-INST-002, MIL-PRF-38534","EPD, RoHS, ECSS-Q-ST-60, SAE AS5553","MBE growth, Ion implantation, Hermetic packaging, Radiation shielding",Very High,45nm–55nm,±8nm–±12nm,Yes,Yes,"Medium - limited suppliers","Design for single photon detection capabilities. Consider space radiation hardening and thermal cycling resilience (-170°C to +120°C).","Dark count rate, Radiation-induced defects, Thermal runaway","15-20%","$580M-750M","Growing","Early adopters","Low","Strong - space communications standards"
Environmental gas sensors,Environmental Monitoring,Ge Mid-IR Sensor Array,Germanium,Ge,93–97,48–52,5.320–5.325,58.5–62.0,"Gas-specific IR absorption, ppb-level sensitivity, Weather resistance","ISO 14001, RoHS, IEC 60079, ISO 9001, IEC 61508, ATEX Directive, UL 2075",37.5–40.0,30.5–32.5,41.0–43.5,58–62,0,82–86,"Cradle to Cradle, GreenStar","ISO 14001, IEC 60079, IEC 61508","EPD, RoHS, ATEX Directive, UL 2075","MEMS fabrication, Filter deposition, Weatherproof packaging, Gas calibration",High,280nm–320nm,±90nm–±110nm,No,Yes,"Medium - limited suppliers","Design for multi-gas discrimination. Consider self-calibration mechanisms and long-term drift compensation.","Filter degradation, Condensation interference, Cross-sensitivity","16-18%","$950M-1.3B","Growing","Early majority","Medium","Very strong - emissions monitoring regulations"
Quantum memory nodes,Quantum Computing,Ge Spin Qubits,Isotopically purified Ge-73,73Ge,90–94,46–50,5.30–5.34,57.5–60.5,"Nuclear spin qubit storage, Long coherence times, Ultra-low noise operation","ISO 14001, REACH, IEC TS 62853, ISO 9001, IEEE 1906.1, NIST QIP",47.0–50.0,39.0–41.5,53.0–55.5,28–32,0,63–67,"Cradle to Cradle, GreenStar","ISO 14001, IEC TS 62853, NIST QIP","EPD, IEEE 1906.1","Isotopic enrichment, MBE growth, Nanofabrication, Cryogenic testing",Very High,1.8nm–2.2nm,±0.4nm–±0.6nm,Yes,Yes,"Experimental","Design for operation at sub-50mK temperatures. Quantum error correction protocols essential. Incorporate dynamic decoupling sequences to extend coherence time.","Decoherence, Isotopic impurities, Cross-talk","35-40%","$85M-120M","Emerging","Innovators","Low","Strong - quantum computing initiatives"
Biologically-inspired brain structures,Neuromorphic Engineering,Ge Neural Dendrites,Germanium Nanowire Networks,Ge,25-35,12-18,3.5-4.0,25-30,"Dendritic computing, Spatiotemporal pattern recognition, Non-linear dynamics","ISO 14001, IEEE 1906.1, ISO 9001, ANSI/ESD S20.20, IEC 62906",45.5–48.5,38.0–40.5,51.5–54.0,33–37,0,60–64,"Cradle to Cradle, GreenStar","ISO 14001, IEEE 1906.1, IEC 62906","ANSI/ESD S20.20","Bottom-up nanowire growth, Directed self-assembly, Electrochemical junction formation, Network patterning",Very High,7nm–9nm,±1.8nm–±2.2nm,Yes,Yes,"Experimental","Design for emergent computational properties. Incorporate homeostatic plasticity mechanisms. Consider stochastic resonance effects for weak signal amplification.","Temporal instability, Network fragmentation, Junction variability","38-42%","$60M-95M","Emerging","Innovators","Low","Moderate - research funding initiatives"
Directional heat extraction systems,Thermal Management,Ge Phononic Crystal,Germanium Periodic Structures,Ge,90–94,46–50,5.30–5.34,57.5–60.5,"Thermal rectification, Phonon bandgap engineering, Directional heat flow","ISO 14001, ASTM E1952, ISO 9001, ASME BPVC, AHRI 1250",42.5–45.0,35.5–37.5,47.5–50.0,43–47,0,68–72,"Cradle to Cradle, GreenStar","ISO 14001, ASTM E1952, AHRI 1250","ASME BPVC","Periodic nanostructure fabrication, Interference lithography, Selective etching, Thermal interface engineering",Very High,14nm–16nm,±2.8nm–±3.2nm,Yes,Yes,"Experimental","Design for asymmetric heat transport. Consider phonon-boundary scattering optimization. Incorporate thermal interface materials for system integration.","Structure collapse, Insufficient directionality, Thermal bottlenecking","22-26%","$180M-240M","Emerging","Early adopters","Low","Moderate - energy efficiency standards"
Deep-space optical communications,Space Technology,Ge Quantum Dot Arrays,Germanium Quantum Dots,Ge,35-45,15-25,4.0-4.5,20-25,"Single photon emission, Wavelength stability, Radiation resistance","ISO 14001, NASA EEE-INST-002, ISO 9001, MIL-STD-883, ECSS-Q-ST-60, CCSDS 141.0",43.0–46.0,36.0–38.5,48.5–51.0,36–40,0,65–69,"Cradle to Cradle, GreenStar","ISO 14001, NASA EEE-INST-002, CCSDS 141.0","EPD, ECSS-Q-ST-60, MIL-STD-883","Strain-driven self-assembly, Encapsulation, Size selection, Radiation hardening",Very High,2.8nm–3.2nm,±0.7nm–±0.9nm,Yes,Yes,"Experimental","Design for space radiation tolerance. Consider thermal cycling effects (-270°C to +120°C). Incorporate redundancy and error correction protocols.","Size distribution broadening, Surface state trapping, Quantum yield degradation","18-22%","$120M-180M","Emerging","Innovators","Low","Strong - deep space exploration programs"
Magnetic field imaging,Scientific Instrumentation,Ge NV Centers,Germanium with Engineered Defects,Ge,90–94,46–50,5.30–5.34,57.5–60.5,"Optically detectable magnetic resonance, Sub-micron resolution, Room temperature operation","ISO 14001, ISO 9001, ASTM E2445, IEEE 1249, IEC 61010",45.0–47.5,37.5–39.5,50.5–52.5,38–42,0,66–70,"Cradle to Cradle, GreenStar","ISO 14001, ASTM E2445, IEC 61010","IEEE 1249","Ion implantation, Vacancy engineering, Annealing, Optical addressing",Very High,4.5nm–5.5nm,±0.8nm–±1.2nm,Yes,Yes,"Experimental","Design for optical addressing of individual defects. Consider magnetic shielding for ambient field rejection. Incorporate scanning mechanisms for spatial mapping.","Defect instability, Low conversion efficiency, Charge state fluctuations","24-28%","$210M-280M","Emerging","Early adopters","Low","Moderate - scientific instrumentation standards"
Exotic superconducting qubits,Quantum Computing,Ge-based Josephson Junctions,Germanium-Superconductor,Ge/Al,85–89,43–47,4.8–5.2,50.0–54.0,"Macroscopic quantum coherence, Novel qubit physics, Long relaxation times","ISO 14001, REACH, IEC TS 62853, ISO 9001, IEEE 1906.1, NIST QIP, ISO/IEC 20248",48.0–51.0,40.0–42.0,54.0–56.5,26–30,0,62–66,"Cradle to Cradle, GreenStar","ISO 14001, IEC TS 62853, NIST QIP","EPD, IEEE 1906.1, ISO/IEC 20248","Molecular beam epitaxy, Shadow mask evaporation, Electron beam lithography, Microwave characterization",Very High,9nm–11nm,±1.8nm–±2.2nm,Yes,Yes,"Experimental","Design for ultra-low temperature operation (<20mK). Consider quantum noise mitigation and flux noise rejection techniques. Incorporate superconducting ground planes for EMI shielding.","Critical current variation, Unwanted quasiparticle poisoning, Phase slips","32-38%","$70M-110M","Emerging","Innovators","Low","Strong - quantum computing standards"
Terahertz signal processing,Communications,Ge Plasmonics,Germanium Plasmonic Structures,Ge,90–94,46–50,5.30–5.34,57.5–60.5,"THz plasmon confinement, Electrical tunability, Room temperature operation","ISO 14001, REACH, ITU-T L.1023, ISO 9001, IEC 62435, IEEE 287, FCC Part 15",41.0–43.5,34.0–36.0,46.0–48.5,46–50,0,71–75,"Cradle to Cradle, GreenStar","ISO 14001, ITU-T L.1023, IEC 62435","EPD, IEEE 287, FCC Part 15","Nanoimprint lithography, Reactive ion etching, Metal-semiconductor junction formation, THz testing",Very High,23nm–27nm,±4.5nm–±5.5nm,Yes,Yes,"Experimental","Design for minimal plasmonic loss. Consider near-field coupling optimization and THz source-detector matching. Incorporate electrical tuning mechanisms for dynamic reconfigurability.","Plasmon damping, Modal cross-talk, Edge roughness","26-30%","$240M-320M","Emerging","Early adopters","Medium","Favorable - next-gen communications standards"
